Vessel Name,IMO Number,Flag,MMSI,Call Sign,National Registration Number,Port of Registry,External Marking,Owner Name
andrea,5279022,Ecuador,,hc2681,ce6504pm,guayaquil,,corporacion pesquera inca sac
eos,9253428,south korea,,d7bx,co18321pm,krcha,,pacific freezing company sac
ciudad blanca,,peru,224148740,,pt11303pm,,,agropesca sa
quicktime,,peru,,,co17004bm,,,agropesca sa
isabel,,peru,,,pt11392pm,,,armadores y congeladores del pacifico sa
ana maria,,peru,,,pt11714pm,ensenada,,armadores y congeladores del pacifico sa
aurita,,peru,,,pt22684cm,,,armadores y congeladores del pacifico sa
estela de oro ii,,peru,,,co10399pm,coishco pisco chancay ilo,,austral group saa
cabo blanco,,peru,,,co10516pm,,,austral group saa
aguila real,,peru,,,co10555pm,,,austral group saa
juancho,,peru,,,co12232pm,callao,,austral group saa
casaca,,peru,,,co12234pm,coishco pisco chancay ilo,,austral group saa
ondina,,peru,235011370,,pt3843pm,,,consorc corpesca dexim srltda
don jorge,,peru,,,ps0610pm,iquique valparaiso lebu,,corporacion pesquera inca sac
don miguel,,peru,,,ce1838pm,,,corporacion pesquera inca sac
dalmacia ii,,Ecuador,,,ce1841pm,manta,,corporacion pesquera inca sac
angel,,spain,,,ce1856pm,essaa,,corporacion pesquera inca sac
ribar iii,,peru,760002509,,ce2509pm,bayovar malabrigo chimbote chancay and ilo,,corporacion pesquera inca sac
comanche v,,peru,,,ce2886pm,bayovar chicama chimbote chancay pisco tambo de mora planchada,,corporacion pesquera inca sac
don moises,,peru,,,co03273pm,bayovar chicama chimbote chancay pisco tambo de mora planchada,,corporacion pesquera inca sac
grunepa 3,,,,,co5069pm,bayovar malabrigo chimbote chancay and ilo,,corporacion pesquera inca sac
marfil,,,760006108,,pt6108pm,bayovar malabrigo chimbote chancay and ilo,,corporacion pesquera inca sac
ribar vi,,,,,ce6125pm,chimbote,,corporacion pesquera inca sac
gaviota,,spain,,,pt6198pm,spain ports,,corporacion pesquera inca sac
dalmacia,,,,,ce6568pm,bayovar malabrigo chimbote chancay and ilo,,corporacion pesquera inca sac
alejandria vi,,,,,ce10501pm,bayovar chicama chimbote chancay pisco tambo de mora planchada,,corporacion pesquera inca sac
juanita,,United States,,,ce10552pm,san diego,,corporacion pesquera inca sac
estrella de david,,,,,pt10887cm,paita,,corporacion pesquera inca sac
delfin,,spain,,,ce12519pm,eslgc,,corporacion pesquera inca sac
brunella ii,,,,,co18818pm,chimbote,,corporacion pesquera inca sac
elisa,,,,,co21909pm,bayovar chicama chimbote chancay pisco tambo de mora planchada,,corporacion pesquera inca sac
alejandria iii,,,,,ce28645pm,bayovar chicama chimbote chancay pisco tambo de mora planchada,,corporacion pesquera inca sac
incamar 3,,,,,ce38248pm,chimbote,,corporacion pesquera inca sac
jose manuel iii,,,,,pt5128cm,lebu,,ger export sa
pionero,,,109012105,,co12244cm,caldera,,grupo sindicato pesquero del peru sa
triunfador,,portugal,701006763,,co16824pm,povoa,,grupo sindicato pesquero del peru sa
pionero ii,,,,,co17300pm,,,grupo sindicato pesquero del peru sa
janet,,,,,pt0399cm,,,industrial pesquera santa monica sa
santa monica ii,,,,,pt12866pm,,,industrial pesquera santa monica sa
don raul,,,,,ce0003pm,,,inversiones quiaza sac
don raul iii,,,,,ce1842pm,,,inversiones quiaza sac
don raul ii,,,,,ce2475pm,,,inversiones quiaza sac
don raul i,,,,,sy12032cm,,,inversiones quiaza sac
don raul iv,,,,,ce28659pm,chicama chimbote tambo de mora,,inversiones quiaza sac
coral 1,,,,,co16010cm,,,marina de guerra del peru
coral 3,,,,,co16012cm,,,marina de guerra del peru
coral 4,,,,,co16013cm,,,marina de guerra del peru
coral 5,,,,,co16014cm,,,marina de guerra del peru
coral 6,,,,,co16015cm,,,marina de guerra del peru
coral 7,,,,,co16016cm,,,marina de guerra del peru
coral 8,,,,,co16017cm,,,marina de guerra del peru
coral 10,,,,,co16019cm,,,marina de guerra del peru
coral 11,,,,,co16020cm,,,marina de guerra del peru
coral 12,,,,,co16021cm,,,marina de guerra del peru
coral 14,,,,,co16023cm,,,marina de guerra del peru
atlantico i,,,,,co5300pm,different ports of peru,,pesquera cantabria sa
albatros,,,,,ps6408pm,annaba,,pesquera cantabria sa
luis alberto,,,,ca4276,co11346pm,lebu,,pesquera cantabria sa
alfa,,,,,co12432pm,,,pesquera cantabria sa
atlantico iii,,,,,co13060pm,coquimbo,,pesquera cantabria sa
don jose i,,,,,co21678pm,puerto arica puerto iquique puerto mejillones,,pesquera cantabria sa
capricornio 1,,,,,co1457cm,,,pesquera capricornio sa
capricornio 5,,,,,co6387pm,chimbote,,pesquera capricornio sa
capricornio 1,,,,,co30807cm,,,pesquera capricornio sa
mary carmen,,,,,co4720pm,,,pesquera caral sa
blandi,,,,pl63199,ce21211pm,pimentel,,pesquera centinela sac
juan,,,,,co2414pm,,,pesquera diamante sa
maritima ii,,,,,ce4012pm,,,pesquera diamante sa
fisherman,,,,8qd2348,co9965cm,lhoh,,pesquera diamante sa
francesca,,,,,co11509pm,,,pesquera diamante sa
francesca,,,,,co22308pm,,,pesquera diamante sa
arequipa i,,,,,co0785pm,,,pesquera exalmar saa
arequipa 5,,,,,co0786pm,tambo de mora chimbote malabrigo huacho callao,,pesquera exalmar saa
isla,,United States,,,ce1837cm,santa barbara,,pesquera exalmar saa
karin 5,,,,,pl2267cm,,,pesquera exalmar saa
cristo rey,,,,,pl3024cm,,,pesquera exalmar saa
samanco 3,,,760004503,,ce4503pm,tambo de mora chimbote malabrigo huacho callao,,pesquera exalmar saa
branco 4,,,,,ce4511pm,,,pesquera exalmar saa
carmelita ii,,,,,pt5827cm,,,pesquera exalmar saa
gisali i,,,,,pl5915cm,,,pesquera exalmar saa
brisa,,,,cb6254,ce6169cm,constitucion,,pesquera exalmar saa
glenn i,,,235058829,,pl12465cm,,,pesquera exalmar saa
emanuel 3,,,710122000,,co13570cm,,,pesquera exalmar saa
guanay,,,,,co14964pm,tambo de mora chimbote malabrigo huacho callao,,pesquera exalmar saa
maria mercedes,,,,,pl17979cm,tambo de mora chimbote malabrigo huacho callao,,pesquera exalmar saa
maria mercedes,,,,,co18166cm,tambo de mora chimbote malabrigo huacho callao,,pesquera exalmar saa
maria mercedes 2,,,,,pl19028cm,,,pesquera exalmar saa
mariangella,,,,co68222,co68222pm,callao,,pesquera exalmar saa
luz b,,,,,ce0213pm,,,pesquera hayduk sa
manu 10,,,,,ce0215pm,,,pesquera hayduk sa
chimu,,,,,pt0936cm,,,pesquera hayduk sa
marilu,,peru,,,ce4025pm,,,pesquera hayduk sa
don meche,,peru,,,ce5072pm,,,pesquera hayduk sa
paita i,,peru,,,pt6137pm,,,pesquera hayduk sa
don miguel,,peru,,,co6254pm,,,pesquera hayduk sa
albacora,,peru,,,pt6580pm,,,pesquera hayduk sa
anita,,peru,,,ce6660pm,,,pesquera hayduk sa
lomas,,peru,,,pt6709pm,peruvian ports,,pesquera hayduk sa
barbara,,peru,,,pt11607cm,,,pesquera hayduk sa
constante,,peru,,,pt13532pm,paita,,pesquera hayduk sa
ana lucia,,peru,,,ce13553pm,chimbote,,pesquera hayduk sa
ivana b,,peru,,,ce13680pm,chimbote,,pesquera hayduk sa
mariana b,,peru,,,co16662pm,chimbote,,pesquera hayduk sa
juanita 3,,peru,,,ho5615cm,,,pesquera juanita srl
yago iii,,peru,,,co11281pm,,,pesquera nemesis sac
don francisco,,peru,,,co4901pm,,,pesquera pelayo sac
don addy,,peru,,,co5579pm,,,pesquera pelayo sac
aurelia,,United States,,wyb3011,co16680pm,ventura,,pesquera z y t sac
sol i,,peru,,,pt12169cm,,,seafrost sac
tasa 11,,peru,,,ce0239pm,,,tecnologica de alimentos sa
flavia,,peru,,,ce2013pm,,,tecnologica de alimentos sa
san lorenzo 5,,peru,,,ps3633pm,,,tecnologica de alimentos sa
tasa 22,,peru,,,ce9923pm,chicama chimbote samanco vegueta supe callao pisco atico matarani,,tecnologica de alimentos sa
tasa 56,,peru,,oa4669,co19871pm,callao,,tecnologica de alimentos sa
Aaditya,,India,,,Ind-Gj-32-Mm-1692,Trawl,Veraval,Denish  Velji Bhai Fofandi
Alfiya,,India,,,IND-KL-06-MM-5268,Purse seine,Ponnani,Nisar
Alfiya 3,,India,,,IND-KL-06-MO-3666,Purse seine,Ponnani,Rasheed
Avdhesh,,India,,,Ind-Gj-32-Mm-3303,Trawl,Veraval,Rakesh  Velji  Fofandi
Bhagirath             ,,India,,,Ind-Gj-32-Mm-1052,Trawl,Veraval,Ramji Devji Vanik
Bhavani Krupa 3,,India,,,Ind-Gj-32-Mm-1126,Trawl,Veraval,Gauriben Govind Vanik
Burakh,,India,,,IND-KL-06-MM-5473,Purse seine,Ponnani,Muneer
Deep Ganaga,,India,,,Ind-Gj-32-Mm-57,Trawl,Veraval,Dhiraj Lakhambhai Bhensala
Garud Dhwaj,,India,,,Ind-Gj-32-Mm-1689,Trawl,Veraval,Nitaben Jagdish Fofandi
Gyan Ganga 1,,India,,,Ind-Gj-32-Mm-68,Trawl,Veraval,Vijayaben Mohanbhai Bhensala
Hansani 2,,India,,,Ind-Gj-32-Mm-1033,Trawl,Veraval,Shamji Devji Vanik
Harsh Ganga,,India,,,Ind-Gj-32-Mm-54,Trawl,Veraval,Hiraben Lakham Bhensala
Jay Jagdish,,India,,,Ind-Gj-32-Mm-1752,Trawl,Veraval,Jagdish  Velji  Fofandi
Kamalnayan,,India,,,Ind-Gj-32-Mm-1032,Trawl,Veraval,Kantaben Shamji Vanik
Keshav,,India,,,Ind-Gj-32-Mm-1697,Trawl,Veraval,Kishor Bhai Velji Bhai Fofandi
Kirti Ganga 1,,India,,,Ind-Gj-32-Mm-61,Trawl,Veraval,Kishan Damji Bhensala
Labh Ganga,,India,,,Ind-Gj-32-Mm-71,Trawl,Veraval,Ishwar Damjibhai Bhensala
Maa Bhavani 2,,India,,,Ind-Gj-32-Mm-3130,Trawl,Veraval,Naresh Govind Vanik
Maan Ganga,,India,,,Ind-Gj-32-Mm-56,Trawl,Veraval,Mohan Dhanji Bhensala
Maha Ganga 1,,India,,,Ind-Gj-32-Mm-62,Trawl,Veraval,Mansukh Damji Bhensala
Maha Vijay,,India,,,Ind-Gj-32-Mm-1699,Trawl,Veraval,Rakesh  Velji Bhai Fofandi
Mandakini,,India,,,Ind-Gj-32-Mm-1124,Trawl,Veraval,Gangaben Ramjibhai Vanik
Mohini,,India,,,Ind-Gj-32-Mm-1031,Trawl,Veraval,Nathalal Govindbhai Vanik
Nand Kishor,,India,,,Ind-Gj-32-Mm-2005,Trawl,Veraval,Gangaben Dhansukhbhai Fofandi
Nandni 1,,India,,,Ind-Gj-32-Mm-1173,Trawl,Veraval,Govind Devji Vanik
Rasheed-1,,India,,,ND-KL-06-MO-3932,Purse seine,Ponnani,Rasheed
Ratna Sagar 10,,India,,,Ind-Gj-32-Mm-2082,Trawl,Veraval,Chandrakant Govind Vanik
Shail Ganga 2,,India,,,Ind-Gj-32-Mm-72,Trawl,Veraval,Ansuyaben Narendra Bhensala
Sudarshan,,India,,,Ind-Gj-32-Mm-3316,Trawl,Veraval,Jagdish Bhai Velji Bhai Fofandi
Surya Ganga,,India,,,Ind-Gj-32-Mm-69,Trawl,Veraval,Varshaben Ishwarbhai Bhensala
Trilokesh,,India,,,Ind-Gj-32-Mm-3302,Trawl,Veraval,Ramaben Rakesh Fofandi
Vaidehi,,India,,,Ind-Gj-32-Mm-6370,Trawl,Veraval,Jayesh Govind Vanik
Vaidka,,India,,,Ind-Gj-32-Mm-1172,Trawl,Veraval,Rajubhai Hirabhai Vanik
Vasudev-4,,India,,,Ind-Gj-32-Mm-3242,Trawl,Veraval,Dinesh  Velji Bhai Fofandi
Vijay Darshan,,India,,,Ind-Gj-32-Mm-1691,Trawl,Veraval,Smitaben Denishbhai Fofandi
Vijay Dev,,India,,,Ind-Gj-32-Mm-1989,Trawl,Veraval,Ramaben Rakesh Fofandi
Vishnu,,India,,,Ind-Gj-32-Mm-1687,Trawl,Veraval,Laxmiben Kishor Bhai  Fofandi
Santa Maria 1,,Ecuador,,,P0000875,Manta,,Exu Sa
Simy 5,,Ecuador,,,P0608313,Manta,,Exu Sa
Nilahue,,Ecuador,,,P0000801,Manta,,Pesquera Herco Sa
Pumanque,,Ecuador,,,P0000802,Manta,,Pesquera Herco Sa
Caplina 9,,Ecuador,,,P0000869,Manta,,Pesquera Herco Sa
Andelka,,,,,P0000887,,,
Dalmacia Ii,,Ecuador,735059249,HC5507,P0000891,Manta,,Pesquera Herco Sa
Gd,,Ecuador,261005090,,P0000922,Manta,,Pesquera Herco Sa
Dimolfin Sa Bp Maria Emilia,,,,,P0000632,,,
Benjamin Antonio,,,,,P0000949,,,
Coatepec I,,,,,P0000612,,,
Cavinko I,,,,,P0000639,,,
Polar Ix,,,,,P0000661,,,
Florida,,,,,P0000899,,,
Piquero,,,,,P0000904,,,
Jorge Antonio I,,,,PT32104,P1200005,Paita,,
Carlitos I,,Ecuador,,HC6610,P0401095,Manta,,
Voluntad De Dios,,,,,P0000042,,,
Ana Julia,,,,,P0000052,,,
Willy First,,,,,P0000116,,,
Rafaelito N 1,,,,,P0000132,,,
Maria Alejandra Ii,,,,,P0000147,,,
Caridad Del Cobre,,,,,P0000189,,,
Maria Belen,,,,,P0000219,Caldera,,
Sangay,,,,,P0000223,,,
Claudio Javier,,,,,P0000229,,,
Fatima S,,,,,P0000244,,,
Nikolay,,,,,P0000247,,,
Ana Maria,,,,,P0000251,Ensenada,,
Meraki,,,,,P0000261,,,
Gloria Elena,,,,,P0000266,,,
Ines Maria,,,,,P0000267,,,
HolandaS Herrante,,,,,P0000275,,,
Sangay No 2,,,,,P0000280,,,
Don Manuel,9141560,,725000850,CB5989,P0000281,Valparaa­So,,
Aries,,United States,428339000,WCF3888,P0000289,Port Orford,,
Pacifico 998,,,,,P0000300,,,
Jose Manuel,,Spain,,,P0000310,Esalg,,
Ciudad De Quito,,,,,P0000337,,,
Anamar,,,,,P0000352,,,
Marcos Jr,,,,,P0000356,,,
Cotopaxi,,,,,P0000373,,,
Gracias A Dios,,,,,P0000378,,,
Santa Isabel,,,,,P0000385,Chicama Chimbote Tambo De Mora,,Empresa Pesquera Jesus Elizabeth Srl
Rosa Stefania,,,,,P0000390,,,
Ana Belen,,,,,P0000391,,,
Beatus,,,,,P0000392,,,
Don Jimmy,,,,,P0000396,,,
Estrella Del Mar,,,,,P0000423,Nadormar,,
Isabela Princess,,,,,P0000460,,,
Loa 4,,Ecuador,,,P0000934,Manta,,Bennett Torre Washigton
Pichincha,,,,,P0000475,,,
Roosmel,,,,,P0000480,,,
Samuel,,Spain,,,P0000567,Morro Jable,,
Jose Carlos,,,,,P0000568,,,
Maria Lavinia,,,,,P0000582,,,
Virgen De Fatima,,Ecuador,,,P0000883,Manta,,Branketi Sa
Ivonne,,,,,P0000601,,,
Santa Marianita,,,,,P0000630,,,
Diego E,,,,,P0000634,,,
San Vicente,,,,,P0000635,,,
Luciana,,,,,P0000645,,,
San Pablo,,United States,,WDC9140,P0000651,Charleston,,
Raysa,,,,,P0000663,,,
Cazela I,,,,,P0000681,,,
Mantaro I,,Ecuador,,,P0000889,Manta,,Pesquera Solorcamp Sa
Angel Fernando,,,,,P0000691,,,
Carina,,,,,P0000697,,,
Richard,,,,,P0000713,,,
Chone,,,,,P0000719,,,
Guadalupe,,,,,P0000728,,,
Jose Vicente,,,,,P0000729,,,
Miguel Antonio,,,,,P0000753,,,
David Armando,,,,,P0000796,,,
Titanic I,,,,,P0000820,,,
Isabela,,,,,P0000824,,,
Dijaymar Iii,,,,,P0000841,,,
Anita,,,,,P0000870,,,
Angel,,Spain,,,P0000871,Essaa,,
Dijaymar Iv,,,,,P0000872,,,
Pardela,,,,,P0000873,,,
Maria Monserrate Iii,,,,,P0000874,,,
Victoria Maria,,,,,P0000876,,,
Palber 2,,,,,P0000890,,,
Don Robin,,,,,P0000900,,,
Regalito De Dios,,,,,P0000901,,,
Bp Elena Manuel Enrique Suarez TituaaA,,,,,P0000907,,,
Harry A,,,,,P0000908,,,
Adaia Y Dalia,,,,,P0000914,,,
Don Matias,,,,,P0000921,,,
Probarpes Ii,,,,,P0000923,,,
Regalito De Dios Kys,,Ecuador,,,P0000885,Manta,,Chichanda Briones Edson Stalin
Probarpes I,,,,,P0000924,,,
Maria Del Carmen,,Spain,,,P0000925,Estrf,,
Jesus Del Gran Poder,,,,,P0000926,,,
San Jorge I,,,,,P0000927,,,
Regalito De Dios 3Eig,,,,,P0000928,,,
Perla Negra,,,701007059,CB9609,P0000937,Arica,,
Maria Del Carmen G,,,,,P0000938,,,
Milagrito,,,,,P0000940,,,
David A,,,,,P0000941,,,
Carlos Andres,,,,,P0000946,,,
Luka B,,,,,P0000950,,,
Jorge Luis,,,,,P0200045,,,
Conchita V,,,,,P0200047,,,
Joel,,,,,P0200065,Maydolong Samar,,Tenpoint Manufacturing Corporation
Atlantico,,,,,P0200078,,,
Ennyb,,,,,P0200084,,,
Perla Gisella,,,,,P0311106,,,
Gisella Perla,,,,,P0311336,,,
Perla Del Pacifico,,,,,P0311426,Ensenada,,
Jocy,,,,,P0311883,,,
Danna Isabella,,Ecuador,735058134,HC2687,P0400054,Manta,,
Maria Candelaria,,,,,P0400085,,,
Don Byron,,Ecuador,,HC2588,P0400108,Manta,,
Don Eduardo,,,,,P0400163,,,
Aida Liduvina Zambrano Orbe,,,,,P0400170,,,
Jose Jean Pierre,,,,,P0400183,,,
Mi Faby,,,,,P0400295,,,
Don Armando I,,Ecuador,,,P0000858,Manta,,Fausmar Sa
San Antonio Vi,,Ecuador,,,P0000917,Manta,,Fausmar Sa
Siempre Mary,,,,,P0400296,,,
Lady Mar Ii,,Ecuador,,,P0400310,Manta,,
Nueva Esperanza,,Ecuador,,,P0400907,Manta,,Pesquera Montecriti Sa
Don Fausto Iii,,Ecuador,,,P0000617,Manta,,Fideicomiso De Administracion Bienes Plk I
Mi Blanquita,,,,PT38081,P0400315,Paita,,
Ciudad De Valencia,,,,,P0400320,,,
San Mateo,,,,,P0400322,,,
Maria Amelia,,,,,P0400324,,,
Don Litter,,,,,P0400331,,,
Apolo,,,,,P0400332,Talcahuano,,Julio Aquiles Reyes
Danna Valentina,,,,,P0400338,,,
Joao,,Ecuador,,,P0000892,Manta,,Flota Pesquera Avila Flopesa Sa
Barbara Marina,,Ecuador,,,P0401012,Manta,,Avila Saltos John Emiliano
Don Egber,,Ecuador,,,P0401014,Manta,,Flota Pesquera Avila Flopesa Sa
Don Rosendo I,,Ecuador,,HC2215,P0400348,Manta,,
NiaA Tahiz,,,,,P0400352,,,
Maria Monserrate,,Ecuador,,HC2655,P0400363,Manta,,
San Miguel,,Spain,224461650,,P0400367,Tarajal,3Pm-1-2002,Inver Pescatron Sl
Nami I,,,,,P0400389,,,
Nami Ii,,,,,P0400390,,,
El Aventurero I,,,,,P0400404,,,
Guillermina,,Ecuador,,,P0000920,Manta,,Globalpesca Sa
Alessia,,Ecuador,,,P0000935,Manta,,Globalpesca Sa
Ladi Mar I,,Ecuador,,,P0400411,Manta,,
Don Isaias I,,Ecuador,345070342,HC2399,P0400417,Manta,,
Don Loba,,,,,P0400418,,,
Don Abraham Ii,,,,,P0400423,,,
Stefania I,,,,,P0400427,,,
Jota Jota,,Ecuador,,,P0400430,Manta,,
Anita Jazmin,,,,,P0400437,,,
Joscris,,,,,P0400439,,,
Volga Iii,,,,,P0400460,,,
Baltiris,,,,,P0400463,,,
Marlyn,,,,,P0400464,,,
Danna,,,,,P0400465,,,
NiaO Jeffren,,,,,P0400467,,,
Siempre Franklin,,,,,P0400482,,,
JesaS Mar,,,,,P0400487,,,
Los Tres Hermanos,,Ecuador,,,P0400492,Manta,,
Reymar,,Ecuador,236858360,HC2799,P0400493,Manta,,
Marcillo Ii,,,,,P0400498,,,
Ariana Melina,,Ecuador,,HC4037,P0400513,Manta,,
Melina C,,Ecuador,,,P0000933,Manta,,Industria Pesquera Cevallos Vera
DoaA Bertha,,Ecuador,,,P0401029,Manta,,Industria Pesquera Cevallos Vera
Junior I,,,,,P0400529,,,
Ronald,,,,,P0400530,,,
Mariuxi,,,,,P0400540,,,
Odalis,,,,,P0400550,,,
Valentina I,,Spain,,,P0400553,Eslaf,,
Salvador Iii,,,,,P0400556,,,
Piliman,,Ecuador,,,P0400561,Manta,,
La Negra Fca Duarte Ii,,,,,P0400562,,,
Don Francisco I,,,,,P0400564,,,
J Jpepito,,,,,P0400566,,,
El Saga,,,,,P0400567,,,
Banderon I,,,,,P0400570,,,
Don Fernando,,,,,P0400574,,,
Violeta Anahi,,Ecuador,,,P0000826,Manta,,Kortrade Sa
Milagros,,,,,P0400577,,,
La Ahijada,,Ecuador,,,P0400578,,,
Arca De Noe Iii,,Ecuador,,HC4100,P0400583,Manta,,
Mery Monserrat,,,,,P0400585,,,
La Negra Francisca Duarte,,Ecuador,,HC4152,P0400595,Manta,,
Kayapa,,,,,P0400609,,,
Sofia R,,,,,P0400616,,,
Juan Carlos,,,,,P0400624,,,
Sofia,,,,SW3854,P0400626,Ermioni,,
Siempe Coyago,,,,,P0400634,,,
Giusseppi,,,,,P0400638,,,
Genmary,,Ecuador,,HC4329,P0400640,Manta,,
P Rey Salomon,,,,,P0400641,,,
Belie Belcan,,,,,P0400644,,,
Fabian,,,,,P0400645,,,
DoaA Blanca I,,Ecuador,,HC4374,P0400648,Manta,,
Junior C,,,,,P0400656,,,
Volga,,,,,P0400660,,,
Jose Eduardo,,,,,P0400663,,,
Joselito,8212415,Ecuador,735059351,HC5759,P0400668,Manta,,Reyes Zavala Jose
San Luis Iii,,Ecuador,,HC5621,P0400671,Manta,,
Fer Mary Ii,,Ecuador,,,P0400673,Manta,,
Maryalex,,Ecuador,,HC4369,P0400674,Manta,,
Arca De Noe Iv,,Ecuador,,HC4361,P0400679,,,
DoaA Ceci,,Ecuador,,HC4430,P0400682,Manta,,
DoaA Carmen,,,755999255,CB6495,P0400685,Arica,,
Don Pepe,,,,CB4596,P0400687,San Vicente,,
Don Nico Iii,,,,,P0400688,,,
Imeldamar,,,,,P0400690,,,
Don Rosendo Ii,,,,,P0400691,,,
Maria Tatiana Ii,,Ecuador,,,P0400696,Manta,,
D Mero,,,,,P0400704,,,
Sirius,,,,UHVP,P0400706,,,
Bendicion De Dios,,,,CE62671,P0400709,Paita,,
Arianita,,,,,P0400710,,,
Don Mariano,,,,,P0400713,Chicama Chimbote Samanco Vegueta Supe Callao Pisco Atico Matarani,,Panta Alvarez Mariano
Nereo,,,,,P0400719,,,
Om 2,,,,,P0400727,,,
Chp,,,,,P0400728,,,
Don Armando Ii,,Ecuador,,,P0608119,Manta,,Mirfish Sa
Navegante,,,,,P0400731,Lebu,,
Portugal,,,,,P0400733,,,
X Siempre Don Carlos,,,,,P0400736,,,
Volga Ii Ex Siempre Ang Vii,,,,,P0400745,,,
Maria Tatiana Iv,,Ecuador,,HC4886,P0400766,Manta,,
Jostin,,,,,P0400767,,,
Martha Floreana,,,,,P0400770,,,
Maria Monserrate Ii,,Ecuador,,,P0400761,Manta,,Nicolas Daniel Moran Tomala
Arca De Noe V,,Ecuador,,HC4733,P0400777,Manta,,
DoaA Lila,,Ecuador,,HC4740,P0400781,Manta,,
Matia,,,,,P0000902,Durres,,
Don Eloy,,Ecuador,,HC4758,P0400786,Manta,,
Santa America,,,,,P0400793,,,
Eva Maria,,Ecuador,,,P0400813,Manta,,
Siempre Virgen Del Mar,,,,,P0400823,,,
El Acuario De Dios Ii,,Ecuador,,,P0400835,Manta,,
Jhonka,,Ecuador,,,P0400841,Manta,,
Daniela Alejandra,,Ecuador,,,P0000896,Manta,,Optimarine Sa
Ramon Eduardo Ii,,Ecuador,,HC5105,P0400844,Manta,,
Solavil,,Ecuador,,HC5095,P0400845,Manta,,
Maria Tatiana Iii,,Ecuador,,HC4399,P0400849,Manta,,
Daniel Santos,,,,,P0400859,,,
Sonia Mar,,Ecuador,,HC5149,P0400861,Manta,,
Conquista 2,,Ecuador,601683000,HC4943,P0400872,Manta,,
Don Litter Ii,,,,,P0400873,,,
Don Rufo,,,,,P0400875,,,
Rey Del Mar,,Ecuador,,HC5218,P0400885,Manta,,
Don Cristian,,,,,P0400888,,,
Isaias 43,,,,,P0400891,,,
NiaO Arsher Ii,,,,,P0400899,,,
Pilimar,,Ecuador,,HC5279,P0400900,Manta,,
Don Jaime,,,,CA2276,P0400902,Lebu,,
Fabian Iii,,Ecuador,227438840,HC5341,P0400910,Manta,,
Mirian Mirella,,,,,P0400913,,,
Freddy Ceferino,,Ecuador,,HC5358,P0400915,Manta,,
Tioslimar,,,,,P0400916,,,
Don Manuel I,,Ecuador,735059156,HC5368,P0400919,Manta,,
NiaA Amelia,,,,,P0400923,,,
Don Z,,,,,P0400925,,,
Solo Es Mejor,,Ecuador,,HC6172,P0400926,Manta,,
Misael,,Ecuador,225967990,HC5437,P0400929,Manta,,
Don Dian 1,,,,,P0400937,,,
Gusy Fer Ii,,Ecuador,,HC5472,P0400938,Manta,,
Iv Hermanos,,,,,P0400954,,,
Fiorella,,,,,P0400956,,,
Sion Genesis,,,,,P0400968,,,
Onda Mar,,,,,P0400971,,,
Los Tres Pedros,,Ecuador,,HC5647,P0400972,Manta,,
Virgen Del Valle Ii,,,,,P0400973,,,
Genesis,1017464,United States,,WDH62,P0400981,,,Genesis 3 Llc
Demarco I,,Ecuador,,,P0000714,Manta,,Productora Marvivo Sa Promarvi
Dani Iv,,,,,P0400994,,,
Mi Antonella,,,,,P0401002,,,
Siempre Rai Mundi,,Ecuador,,HC5833,P0401003,Manta,,
Gusy Fer,,Ecuador,,HC6053,P0401008,Manta,,
Siempre Luquitas Cv,,,,,P0401009,,,
Antonela,,,,,P0401015,,,
Divino NiaO,,,,,P0401016,,,
Brisas Del Mar I,,,,,P0401018,,,
Giucris,,,,,P0401021,,,
Regalo De Dios,,,,,P0401024,,,
Rey Adonay I,,,,,P0401026,,,
Don Maca,,,,,P0401030,,,
Karelita,,,,,P0401033,,,
Virgen Del Valle,,,,,P0401037,,,
Amparito,,,,,P0401038,,,
Ambar,,Ecuador,378410000,HC6330,P0401039,Manta,,
Siempre Popeye,,Ecuador,,HC6258,P0401042,Manta,,
Milan Neymar,,,,,P0401043,,,
Djx,,,,,P0401044,,,
Laurita,,,,,P0401045,,,
Costa Marlin,,Ecuador,311001086,HC4338,P0401049,Manta,,
Jorc,,,,,P0401050,,,
Rey Fernando Xavier,,Ecuador,,HC6282,P0401052,Manta,,
Iker,,Ecuador,,HC6271,P0401053,Manta,,
Luna Azul,,Ecuador,735058295,HC4823,P0401060,Manta,,
Brigida Marquez Ii,,,,,P0401065,,,
Elizalde Rivas Antonio Mauricio Bp Simon Bolivar,,,,,P0401066,,,
Don Darlin,,,,,P0401067,,,
Jorcii,,,,,P0401071,,,
Arizona,,,247143420,ITVX,P0401072,Ognina,05Ct00850,
Om,,,,,P0401075,,,
Ida Maria,,,,,P0401079,,,
San Luis I,,,,,P0401080,,,
Connor R,,,,,P0401086,,,
Don Jacinto,,,,,P0401089,,,
Briana Betania,,,,,P0401090,,,
Raysa Ii,,,,,P0401093,,,
Pedro Manuel,,,,,P0401103,,,
Con La Bendicion De Dios I,,Ecuador,,HC6691,P0401105,Manta,,
Dios Es Mi Guia,,,,,P0401106,,,
Danna Isabella Ii,,Ecuador,735060401,HC6695,P0401107,Manta,,
Lilott,,,,,P0401109,,,
Yohana,,,,,P0408333,,,
Voluntad De Dios,,,,,P0600316,,,
Marcillo Iv,,,,,P0600697,,,
Maria Monserrate I,,,,,P0600700,,,
Don Temo,,,,,P0605481,,,
Marcillo Iii,,,,,P0605748,,,
Daniel Santos 1,,,,,P0606513,,,
DoaA Patty,,,,,P0606738,,,
DoaA Maty,,,,,P0606929,,,
Josemed I,,,,,P0606963,,,
Don Fautino,,,,,P0607010,,,
Yenya,,Ecuador,,HC4463,P0607012,Salinas,,
Narciso Marcillo I,,,,,P0607301,,,
Vb Iii,,,,,P0607491,,,
San Carlos,,,,,P0608456,Taltal,,
Dios Es Puro,,,,,P0608647,,,
Alberto 1,,,,,P0608699,,,
Bismark G,,,,,P0608707,,,
Isabela,,,,,P0608764,,,
Francia I,,,,,P0608870,,,
Don Marcillo,,,,,P0608926,,,
Gabriela,,,,,P0608934,,,
Las Ii Aurorita,,,,,P1200001,,,
Carlos Robinson,,,,,P1200003,,,
Flopesmant Ii,,,,,P0400593,,,
Ana Isidora,,,,,P0000297,,,
Don Fanis,,Ecuador,,,P0000915,Manta,,Optimarine Sa
Meivis Valeria,,,,,P0000408,,,
Buenos Aires,,,,,P0400672,,,
Siempre Monserrate,,Ecuador,,HC5357,P0400912,Manta,,
Mi Morenita I,,,,,P0401087,,,
Evverfish,,,,,P0401028,,,
Don Fausto I,,,,,P0000638,,,
Don Nico Ii,,Ecuador,,HC4285,P0400632,,,
Arenilla,,,,,P0400431,,,
NiaO Asher,,,,,P0400823,,,
Don Nico Iv,,Ecuador,,HC5154,P0200863,Manta,,
El Aguila,,,,,P0400450,,,
Dulinavi Xxiv,,,,,P0401094,,,
PoseidaN I,,,,,P0401000,,,
Don Carlos Ii,,,,,P0400921,,,
Campito Iii,,,,,P0000948,,,
Israel,,,,,P0400539,San Juan Del Sur,,
Sara Sofia,,,,,P0400889,,,
Oliver,,,,,P1200007,,,
DoaA Patty Ii,,,,,P000084,,,
DON EDMUNDO,9160918,Chile,,cb5797,02.1.0 - Seiners - Purse Seiners,Valparaíso,BLUMAR S.A. ( EX PESQUERA ITATA S.A.),
NISSHIN MARU 3,,Chile,,,,,BRACPESCA S.A.,
FOCHE,,Chile,,,,,BRACPESCA S.A.,
ALTAIR I,,Chile,,,,,CAMANCHACA PESCA SUR S.A.,
MAORI,,Chile,,,,,CAMANCHACA PESCA SUR S.A.,
N.S. DE LA TIRANA II,,Chile,,,,,CAMANCHACA PESCA SUR S.A.,
COLLEN,,Chile,,,,,"CAMANCHACA S.A., CIA PESQUERA",
Abdon I,,Chile,,,Purse seine,Puerto Arica - Puerto Iquique - Puerto Mejillones,CORPESCA S.A.,
Abraham,,Chile,,,Purse seine,Puerto Arica - Puerto Iquique - Puerto Mejillones,CORPESCA S.A.,
Amadeus,9099511,Chile,,EIA2574,TO,,CORPESCA S.A.,
Amadeus II,,Chile,,,Purse seine,Puerto Arica - Puerto Iquique - Puerto Mejillones,CORPESCA S.A.,
CORPESCA 2,8699558,Chile,,CA3503,02.1.0 - Seiners - Purse Seiners,VALPARAISO,CORPESCA S.A.,
INTRÉPIDO,,Chile,,,,,CORPESCA S.A.,
Aries I,,Chile,,,,,CORPESCA S.A.,
Blanquillo,8803343,Chile,,cb4235,02.1.0 - Seiners - Purse Seiners,Valparaíso,CORPESCA S.A.,
Daniel,,Chile,,PT66148,07.1.0 - Liners - Handliners,PAITA,CORPESCA S.A.,
Don Mauricio I,,Chile,,CB4905,Gillnet,Lebu,CORPESCA S.A.,
Guajache II,,Chile,,2756,Multi-purpose,Arica,CORPESCA S.A.,
Ike I,,Chile,,,,,CORPESCA S.A.,
Isaac,,Chile,,CB8039,Multi-purpose,Talcahuano,CORPESCA S.A.,
Josue,,Chile,,CB6783,Gillnet,San Vicente,CORPESCA S.A.,
Valentina,,Chile,,ILCO,Single boat bottom otter trawls,SAN BENEDETTO DEL TRONTO,CORPESCA S.A.,
Amadeus IV,,Chile,,,Purse seine,Puerto Arica - Puerto Iquique - Puerto Mejillones,CORPESCA S.A.,
Arkhos II,,Chile,,,Purse seine,Puerto Arica - Puerto Iquique - Puerto Mejillones,CORPESCA S.A.,
Arkhos III,,Chile,,,Purse seine,Puerto Arica - Puerto Iquique - Puerto Mejillones,CORPESCA S.A.,
Arkhos IV,,Chile,,,Purse seine,Puerto Arica - Puerto Iquique - Puerto Mejillones,CORPESCA S.A.,
Cesar Miguel,,Chile,,,Purse seine,Puerto Arica - Puerto Iquique - Puerto Mejillones,CORPESCA S.A.,
Chango I,,Chile,,,Purse seine,Puerto Arica - Puerto Iquique - Puerto Mejillones,CORPESCA S.A.,
Consuelito,,Chile,,,Purse seine,Puerto Arica - Puerto Iquique - Puerto Mejillones,CORPESCA S.A.,
Coyi I,,Chile,,,Purse seine,Puerto Arica - Puerto Iquique - Puerto Mejillones,CORPESCA S.A.,
Coyi II,,Chile,,,Purse seine,Puerto Arica - Puerto Iquique - Puerto Mejillones,CORPESCA S.A.,
Don Geramn Csa,,Chile,,,Purse seine,Puerto Arica - Puerto Iquique - Puerto Mejillones,CORPESCA S.A.,
Don Jose I,,Chile,,,Purse seine,Puerto Arica - Puerto Iquique - Puerto Mejillones,CORPESCA S.A.,
Don Mario I,,Chile,,,Purse seine,Puerto Arica - Puerto Iquique - Puerto Mejillones,CORPESCA S.A.,
Elvas,,Chile,,,Purse seine,Puerto Arica - Puerto Iquique - Puerto Mejillones,CORPESCA S.A.,
Eperva 56,,Chile,,,Purse seine,Puerto Arica - Puerto Iquique - Puerto Mejillones,CORPESCA S.A.,
Fernanda I,,Chile,,,Purse seine,Puerto Arica - Puerto Iquique - Puerto Mejillones,CORPESCA S.A.,
Gracias A Dios I,,Chile,,,Purse seine,Puerto Arica - Puerto Iquique - Puerto Mejillones,CORPESCA S.A.,
Gringo Pablo II,,Chile,,,Purse seine,Puerto Arica - Puerto Iquique - Puerto Mejillones,CORPESCA S.A.,
Isidora I,,Chile,,,Purse seine,Puerto Arica - Puerto Iquique - Puerto Mejillones,CORPESCA S.A.,
Karen Pamela,,Chile,,,Purse seine,Puerto Arica - Puerto Iquique - Puerto Mejillones,CORPESCA S.A.,
Kaweskar,,Chile,,,Purse seine,Puerto Arica - Puerto Iquique - Puerto Mejillones,CORPESCA S.A.,
Kimba I,,Chile,,,Purse seine,Puerto Arica - Puerto Iquique - Puerto Mejillones,CORPESCA S.A.,
Lobo Afuera IV,,Chile,,,Purse seine,Puerto Arica - Puerto Iquique - Puerto Mejillones,CORPESCA S.A.,
Lobo Afuera VII,,Chile,,,Purse seine,Puerto Arica - Puerto Iquique - Puerto Mejillones,CORPESCA S.A.,
Loreto V,,Chile,,,Purse seine,Puerto Arica - Puerto Iquique - Puerto Mejillones,CORPESCA S.A.,
M. Rodolfo,,Chile,,,Purse seine,Puerto Arica - Puerto Iquique - Puerto Mejillones,CORPESCA S.A.,
Mar Mediterraneo,,Chile,,,Purse seine,Puerto Arica - Puerto Iquique - Puerto Mejillones,CORPESCA S.A.,
Nina Ximena,,Chile,,,Purse seine,Puerto Arica - Puerto Iquique - Puerto Mejillones,CORPESCA S.A.,
Odisseo II,,Chile,,,Purse seine,Puerto Arica - Puerto Iquique - Puerto Mejillones,CORPESCA S.A.,
Pellicano II,,Chile,,,Purse seine,Puerto Arica - Puerto Iquique - Puerto Mejillones,CORPESCA S.A.,
Petrohue I,,Chile,,,Purse seine,Puerto Arica - Puerto Iquique - Puerto Mejillones,CORPESCA S.A.,
Petrohue II,,Chile,,,Purse seine,Puerto Arica - Puerto Iquique - Puerto Mejillones,CORPESCA S.A.,
Petrohue III,,Chile,,,Purse seine,Puerto Arica - Puerto Iquique - Puerto Mejillones,CORPESCA S.A.,
Punta Verde,,Chile,,,Purse seine,Puerto Arica - Puerto Iquique - Puerto Mejillones,CORPESCA S.A.,
Ragnar,,Chile,,,Purse seine,Puerto Arica - Puerto Iquique - Puerto Mejillones,CORPESCA S.A.,
Renata,,Chile,,,Purse seine,Puerto Arica - Puerto Iquique - Puerto Mejillones,CORPESCA S.A.,
Rina F Y M,,Chile,,,Purse seine,Puerto Arica - Puerto Iquique - Puerto Mejillones,CORPESCA S.A.,
Santa Margarita I,,Chile,,,Purse seine,Puerto Arica - Puerto Iquique - Puerto Mejillones,CORPESCA S.A.,
Sebastian Alejandro,,Chile,,,Purse seine,Puerto Arica - Puerto Iquique - Puerto Mejillones,CORPESCA S.A.,
Shalom II,,Chile,,,Purse seine,Puerto Arica - Puerto Iquique - Puerto Mejillones,CORPESCA S.A.,
Tuareg I,,Chile,,,Purse seine,Puerto Arica - Puerto Iquique - Puerto Mejillones,CORPESCA S.A.,
Abraham,,Chile,,,Purse seine,Puerto Arica - Puerto Iquique - Puerto Mejillones,Patricio Gomez,
RUTH,9244166,Chile,,CA7557,02.1.0 - Seiners - Purse Seiners,Valparaiso,FOODCORP CHILE S.A.,
DON MANUEL,9141560,Chile,,cb5989,02.1.0 - Seiners - Purse Seiners,Valparaíso,FOODCORP CHILE S.A.,
Antarctic Endeavour,8717453,Chile,,CA5744,01.2.0 - Trawlers - Stern Trawlers,VALPARAISO,PESCA CHILE S.A.,
SAN JOSÉ,,Chile,,,,,ORIZON S. A.,
VENTISQUERO,9143324,Chile,,cbvt,02.1.0 - Seiners - Purse Seiners,Valparaíso,ORIZON S. A.,
Sebastian I,,Chile,,,Purse seine,Coquimbo,Carlos Ernesto Santander,
El Bucanero I,,Chile,,,Purse seine,Talcahuano,Comunidad Bello Constanzo,
Don Coquera II,,Chile,,,Purse seine,Coronel,Comunidad Valenzuela Monsalves,
El Bellaco,,Chile,,,Purse seine,Coquimbo,Cristian Alejandro Araya,
Don Manuel R,,Chile,,,Purse seine,Talcahuano,Cristian Andres Paredes,
Don Mati I,,Chile,,,Purse seine,Talcahuano,Cristian Andres Paredes,
Don Arnaldo,,Chile,,,Purse seine,Talcahuano,Daniel Santiago Garcia,
Tata Conco,,Chile,,,Purse seine,Talcahuano,Diego Armando Reyes,
La Victoria,,Chile,,,Purse seine,Talcahuano,Diego Giuliano Burzio,
Chango,,Chile,,,Purse seine,Talcahuano,Diocles Armando Muñoz,
Valentin,,Chile,,,Purse seine,Talcahuano,Abelardo Del Carmen Bello,
Master Segundo,,Chile,,,Purse seine,Coronel,Adelmo Hernan Muñoz,
Canopus III,,Chile,,,Purse seine,Coronel,Agustina Del Carmen Chaparro,
Don Lolo,,Chile,,,Purse seine,Coronel,Agustina Del Carmen Chaparro,
Don Aldo,,Chile,,,Purse seine,Talcahuano,Aldo Jeremias Gutierrez,
Don Mañe,,Chile,,,Purse seine,Talcahuano,Aldo Jeremias Gutierrez,
Don Milo,,Chile,,,Purse seine,Coquimbo,Alfonso Patricio Berdeguer,
Dario Abraham I,,Chile,,,Purse seine,Talcahuano,Alvaro Emilio Reyes,
Atenea II,,Chile,,,Purse seine,Coquimbo,Angel Raul Cortes,
Bio Bio,,Chile,,,Purse seine,Coronel,Angelina Del Carmen Muño,
Don Armando,,Chile,,,Purse seine,Talcahuano,Armando Del Transito Cerna,
Delfin 2000,,Chile,,,Purse seine,Coquimbo,Eduardo Alonso Zuñiga,
Herminia I,,Chile,,,Purse seine,Talcahuano,Eduardo Enrique Reyes,
Don Emilio,,Chile,,,Purse seine,Talcahuano,Emiliano Ricardo Reyes,
Sofia Agustina,,Chile,,,Purse seine,Talcahuano,Emilio Jose Reyes,
El Bellaco I,,Chile,,,Purse seine,Coquimbo,Enrique Albino Solis,
Carmen Loreto,,Chile,,,Purse seine,Talcahuano,Ernandino Riquelme Y Cia. Ltda.,
Green Peace,,Chile,,,Purse seine,Coquimbo,Ernes Eduardo Antiqueras,
Lorena I,,Chile,,,Purse seine,Coquimbo,Ernesto Avalos,
Santa Norma,,Chile,,,Purse seine,Coquimbo,Ernesto Enrique Zambra,
Doña Bernarda,,Chile,,,Purse seine,Coquimbo,Fernando Francisco Ortiz,
Don Victorino,,Chile,,,Purse seine,Coquimbo,Fiod Raul Yaryes,
Maria Soledad II,,Chile,,,Purse seine,Coquimbo,Foid Raul Yaryes,
Ovnis,,Chile,,,Purse seine,Talcahuano,Fred Manuel Gutierrez,
Garota III,,Chile,,,Purse seine,Coquimbo,Gabriel Del Rosario Zambra,
Doña Margarita C,,Chile,,,Purse seine,Coronel,Gabriela Del Carmen Monsalve,
Don Bruno,,Chile,,,Purse seine,Talcahuano,Gaston Angel Parra,
Sergio III,,Chile,,,Purse seine,Talcahuano,Gerardo De La Cruz Lara,
Sta Veronica II,,Chile,,,Purse seine,Coquimbo,Hernan Zepeda,
Centauro,,Chile,,,Purse seine,Coquimbo,Horacio Omar Pizarro,
Don Kevin,,Chile,,,Purse seine,Coronel,Humberto Del Carmen Bello,
Pa.Ke.Te Pikay,,Chile,,,Purse seine,Coquimbo,Jorge Christian Peña,
Doña Adriana,,Chile,,,Purse seine,Coquimbo,Jorge David Crovetto,
Aida Rosa,,Chile,,,Purse seine,Coronel,Jose Cifuentes,
Doña Jova 2da,,Chile,,,Purse seine,Coronel,Jose Eladio Moraga,
Don Matias J I,,Chile,,,Purse seine,Coronel,Jose Enrique Escobar,
Don Ernesto I,,Chile,,,Purse seine,Talcahuano,Jose Eugenio Torres,
Doña Coca,,Chile,,,Purse seine,Talcahuano,Jose Eugenio Torres,
Kiwi,,Chile,,,Purse seine,Coquimbo,Juan Andres Marin,
Kalejo,,Chile,,,Purse seine,Coquimbo,Juan Andres Zambra,
Los Arias,,Chile,,,Purse seine,Coquimbo,Juan Manuel Arias,
Carlos Emilio,,Chile,,,Purse seine,Talcahuano,Juan Manuel Reyes,
Tamarugal,,Chile,,,Purse seine,Talcahuano,Juan Segundo Bello,
Apolo,,Chile,,,Purse seine,Talcahuano,Julio Aquiles Reyes,
Don Pedro M,,Chile,,,Purse seine,Talcahuano,Julio Aquiles Reyes,
El Reno,,Chile,,,Purse seine,Coquimbo,Lino Erasmo Cortes,
Adonai,,Chile,,,Purse seine,Talcahuano,Luis Daza,
Atlantico III,,Chile,,,Purse seine,Coquimbo,Luis Roberto Rivera,
Garota,,Chile,,,Purse seine,Coquimbo,Manuel Antonio Zambra,
Garota V,,Chile,,,Purse seine,Coquimbo,Manuel Antonio Zambra,
Garota II,,Chile,,,Purse seine,Coquimbo,Manuel Jesus Zambra,
Don Ricardo II,,Chile,,,Purse seine,Talcahuano,Manuel Reyes,
Mariela III,,Chile,,,Purse seine,Coronel,Manuel Segundo Riffo,
Esturion,,Chile,,,Purse seine,Talcahuano,Manuel Vicente Cerna,
Ernesto I,,Chile,,,Purse seine,Coronel,Maria Del Carmen Velozo,
Ernesto II,,Chile,,,Purse seine,Coronel,Maria Del Carmen Velozo,
Don Hugo I,,Chile,,,Purse seine,Coronel,Maria Teresa Muñoz,
Juan Anselmo,,Chile,,,Purse seine,Coronel,Mauricio Alejandro Inzunza,
Juan Marcelo,,Chile,,,Purse seine,Coronel,Miguel Angel Martinez,
Paulina M II,,Chile,,,Purse seine,Coronel,Miguel Angel Martinez,
Maria Pabla,,Chile,,,Purse seine,Coquimbo,Milton Aidano Lopez,
Abraham Antonio,,Chile,,,Purse seine,Coronel,Omar Bustos,
Michele,,Chile,,,Purse seine,Coquimbo,Oscar Antonio Andrade,
Camila David,,Chile,,,Purse seine,Coronel,Oscar Segundo Aguilera,
Halcon I,,Chile,,,Purse seine,Talcahuano,Pamela Soledad Torres,
Don Perucho II,,Chile,,,Purse seine,Coquimbo,Pedro Artemio Barraza,
Doña Olga I,,Chile,,,Purse seine,Coquimbo,Pedro Artemio Barraza,
Jepe I,,Chile,,,Purse seine,Coquimbo,Pesquera Jepe Eirl,
Master I,,Chile,,,Purse seine,Coronel,Pesquera Master Limitada,
Jenifer S,,Chile,,,Purse seine,Coronel,Ramon Humberto Bello,
Ricardo Jesus,,Chile,,,Purse seine,Coronel,Ricardo Antonio Saavedra,
Jennifer I,,Chile,,,Purse seine,Coquimbo,Ruben Del Carmen Duran,
El Abuelo,,Chile,,,Purse seine,Talcahuano,Silvio Alejandro Avila,
Marvento,,Chile,,,Purse seine,Coronel,Soc. Pesquera Mardelaisla Ltda.,
Raul M,,Chile,,,Purse seine,Coronel,Sociedad Pesquera Isla Sur Ltda,
Punta Verde I,,Chile,,,Purse seine,Coronel,Sociedad Pesquera Rio Bio Bio Ltda,
BONN,7715496,Chile,,cb5330,02.1.0 - Seiners - Purse Seiners,Valparaíso,PACIFICBLU SpA,
Sebastian II,,Chile,,CA3882,Harpoon,Lota y Coronel,Francisco Del Transito Gaete,
Don Emilio Iv,,Chile,,CB6075,Multi-purpose,Talcahuano,Jerson Raul Torres,
Yagan,,Panama,,HO4433,Longline,Panama,Joel Del Carmen Bello,
Azariel,,Chile,,CA2054,Multi-purpose,Talcahuano,Jose Eduardo Beltran,
Antares V,,Chile,,CB4270,Multi-purpose,Talcahuano,Jose Laureano Reinoso,
Don Valentin,,Chile,,CB5277,Multi-purpose,San Vicente,Juan Manuel Aranguiz,
Rimalfredan II,,Chile,,,Multi-purpose,Talcahuano,Manuel Enrique Gutierrez,
Alexander II,,Chile,,,Longline,,Manuel Gutierrez,
Garota Iv,,Chile,,CA5832,Multi-purpose,Coquimbo,Manuel Jesus Zambra,
Glaciar I,,Chile,,CB4377,Multi-purpose,Talcahuano,Patricio Alejandro Burzio,
Huracan I,,Chile,,2358,Multi-purpose,Talcahuano,Pedro Antonio Boher,
Pehuenche,,Chile,,CA3815,Harpoon,Talcahuano,Ricardo Nicolas De La Cruz,
Ana Luisa,,Chile,,CB5395,Multi-purpose,Talcahuano,Comunidad Torres Reyes,
Achernar,,Chile,,CB4068,Multi-purpose,Talcahuano,Cristobal Ortiz,
La Consuelito,,Chile,,CA951,Multi-purpose,Lota y Coronel,Daniel Santiago Garcia,
Pancho Malo,,Chile,,,Harpoon,Tongoy,Duardo Angray Gonzalez,
Juanita,,United States,,,Troll,San Diego,Angel Nemesio Araya,
Lauca,,,,CA3610,Multi-purpose,Lirquén,Fidel Del Carmen Bello,
Dewas 1,7712767,Mauritania,654000899,,,,,
Fu Yuan Yu 801,8438930,Mauritania,412440277,,,,,Africa Protein
Fu Yuan Yu 803,8438980,Mauritania,412440279,,,,,Fuzhou Hong Dong Pelagic Fishery Co
Fu Yuan Yu 804,8438992,Mauritania,412440281,,,,,Fuzhou Hong Dong Pelagic Fishery Co
Fu Yuan Yu 809,8440505,Mauritania,412440332,,,,,Fuzhou Hong Dong Pelagic Fishery Co
Fu Yuan Yu 810,8440555,Mauritania,412440333,,,,,Fuzhou Hong Dong Pelagic Fishery Co
Fu Yuan Yu 811,8440567,Mauritania,412440334,,,,,Fuzhou Hong Dong Pelagic Fishery Co
Fu Yuan Yu 812,8440579,Mauritania,412440335,,,,,Fuzhou Hong Dong Pelagic Fishery Co
Fu Yuan Yu 813,8440581,Mauritania,412440336,,,,,Fuzhou Hong Dong Pelagic Fishery Co
Fu Yuan Yu 967,8439518,Mauritania,412440107,,,,,Fuzhou Hong Dong Pelagic Fishery Co
Fu Yuan Yu 968,8439520,Mauritania,412440108,,,,,Fuzhou Hong Dong Pelagic Fishery Co
Fu Yuan Yu 969,8439532,Mauritania,412440109,,,,,Fuzhou Hong Dong Pelagic Fishery Co
Fu Yuan Yu 970,8439544,Mauritania,412440111,,,,,Fuzhou Hong Dong Pelagic Fishery Co
Fu Yuan Yu 971,8439556,Mauritania,412440112,,,,,Fuzhou Hong Dong Pelagic Fishery Co
Fu Yuan Yu 973,8440737,Mauritania,412440114,,,,,Fuzhou Hong Dong Pelagic Fishery Co
Fu Yuan Yu 974,8440749,Mauritania,412440115,,,,,Fuzhou Hong Dong Pelagic Fishery Co
Fu Yuan Yu 976,8440763,Mauritania,412440117,,,,,Fuzhou Hong Dong Pelagic Fishery Co
Fu Yuan Yu 977,8440775,Mauritania,412440118,,,,,Fuzhou Hong Dong Pelagic Fishery Co
Fu Yuan Yu 9507,8440634,Mauritania,412440584,,,,,Fuzhou Hong Dong Pelagic Fishery Co
Fu Yuan Yu 9508,8440646,Mauritania,412440585,,,,,Fuzhou Hong Dong Pelagic Fishery Co
Fu Yuan Yu 9509,8440658,Mauritania,412440586,,,,,Fuzhou Hong Dong Pelagic Fishery Co
Fu Yuan Yu 9510,8440701,Mauritania,412440587,,,,,Fuzhou Hong Dong Pelagic Fishery Co
Fu Yuan Yu 9511,8440713,Mauritania,412440588,,,,,Fuzhou Hong Dong Pelagic Fishery Co
Fu Yuan Yu 807,8439013,Mauritania,412440284,,,,,Fuzhou Hong Dong Pelagic Fishery Co
Fu Yuan Yu 951,8439178,Mauritania,412440075,,,,,Fuzhou Hong Dong Pelagic Fishery Co
Fu Yuan Yu 952,8439180,Mauritania,412440076,,,,,Fuzhou Hong Dong Pelagic Fishery Co
Fu Yuan Yu 953,8439477,Mauritania,412440077,,,,,Fuzhou Hong Dong Pelagic Fishery Co
Fu Yuan Yu 954,8439489,Mauritania,412440078,,,,,Fuzhou Hong Dong Pelagic Fishery Co
Fu Yuan Yu 955,8439491,Mauritania,412440079,,,,,Fuzhou Hong Dong Pelagic Fishery Co
Fu Yuan Yu 956,8439506,Mauritania,412440081,,,,,Fuzhou Hong Dong Pelagic Fishery Co
Fu Yuan Yu 965,8772958,Mauritania,412110346,,,,,Fuzhou Hong Dong Pelagic Fishery Co
Fu Yuan Yu 972,8440725,Mauritania,412440113,,,,,Fuzhou Hong Dong Pelagic Fishery Co
Fu Yuan Yu 975,8440751,Mauritania,412440116,,,,,Fuzhou Hong Dong Pelagic Fishery Co
Fu Yuan Yu 802,8438942,Mauritania,412440278,,,,,Fuzhou Hong Dong Pelagic Fishery Co
Fu Yuan Yu 806,8439001,Mauritania,412440283,,,,,Fuzhou Hong Dong Pelagic Fishery Co
Fu Yuan Yu 808,8438928,Mauritania,412440285,,,,,Fuzhou Hong Dong Pelagic Fishery Co
Fu Yuan Yu 805,8438916,Mauritania,412440282,,,,,Fuzhou Hong Dong Pelagic Fishery Co
Fu Yuan Yu 958,8772893,Mauritania,412110176,,,,,Fuzhou Hong Dong Pelagic Fishery Co
Hong Dong 8707,9896426,Mauritania,271073345,TCA5420,,,Nazim Kul Yakamoz Denizcilik,Fuzhou Hong Dong Pelagic Fishery Co
Hong Dong 8708,9896426,Mauritania,271073345,TCA5420,,,Nazim Kul Yakamoz Denizcilik,Fuzhou Hong Dong Pelagic Fishery Co
Hong Dong 8709,9896426,Mauritania,271073345,TCA5420,,,Nazim Kul Yakamoz Denizcilik,Fuzhou Hong Dong Pelagic Fishery Co
Sahel 5,,Mauritania,,,,,,Fuzhou Hong Dong Pelagic Fishery Co
Sahel 6,,Mauritania,,,,,,Sahel Peches
Sahel 7,8585795,Mauritania,,,,,,Sahel Peches
Wafa 3,8719164,Mauritania,654050500,,,,,Sahel Peches
Wafa 4,9029243,Mauritania,654080200,,,,,Seph Saomaurci Sa
Wafa 5,9096442,Mauritania,654080125,,,,,Seph Saomaurci Sa
Laoting 09,,China,412280924,,,,,Seph Saomaurci Sa
Laoting 10,,China,,,,,,Mauritania Central Fishery Sarl Mcf
Siniya 18,,Mauritania,,,,,,Mauritania Central Fishery Sarl Mcf
Siniya 2,,Mauritania,,,,,,Mauritania Central Fishery Sarl Mcf
Siniya 3,,Mauritania,,,,,,Mauritania Central Fishery Sarl Mcf
Siniya 5,,Mauritania,,,,,,Mauritania Central Fishery Sarl Mcf
Siniya 88,,Mauritania,,,,,,Mauritania Central Fishery Sarl Mcf
Siniya N° 1,,Mauritania,,,,,,Mauritania Central Fishery Sarl Mcf
Kemane,,Mauritania,,,,,,Mauritania Central Fishery Sarl Mcf
Mirem 1,,Mauritania,,,,Nouadhibou,Mirem Sari,Kp Peche Sarl
Mirem,9876218,Mauritania,654085500,,,,,Mirem Sarl
Chaicharoen 5,,Thailand,,,,,,"Chaicharoen Marine (2002) Co.,Ltd."
Chaicharoen 22,,Thailand,,,,,,"Chaicharoen Marine (2002) Co.,Ltd."
Chaicharoen 23,,Thailand,,,,,,"Chaicharoen Marine (2002) Co.,Ltd."
Chaicharoen 25,,Thailand,,,,,,"Chaicharoen Marine (2002) Co.,Ltd."
Chaicharoen 26,,Thailand,,,,,,"Chaicharoen Marine (2002) Co.,Ltd."
Chaicharoen 3,,Thailand,,,,,,"Chaicharoen Marine (2002) Co.,Ltd."
Chaicharoen 31,,Thailand,,,,,,"Chaicharoen Marine (2002) Co.,Ltd."
Chaicharoen 35,,Thailand,,,,,,"Chaicharoen Marine (2002) Co.,Ltd."
Chaicharoen 36,,Thailand,,,,,,"Chaicharoen Marine (2002) Co.,Ltd."
Chaicharoen 39,,Thailand,,,,,,"Chaicharoen Marine (2002) Co.,Ltd."
Chaicharoen 40,,Thailand,,,,,,"Chaicharoen Marine (2002) Co.,Ltd."
Pramongchai,,Thailand,,,,,,"Chaicharoen Marine (2002) Co.,Ltd."
Pramongchai 15,,Thailand,,,,,,"Chaicharoen Marine (2002) Co.,Ltd."
Pramongchai 18,,Thailand,,,,,,"Chaicharoen Marine (2002) Co.,Ltd."
Pramongchai 19,,Thailand,,,,,,"Chaicharoen Marine (2002) Co.,Ltd."
Pramongchai 23,,Thailand,,,,,,"Chaicharoen Marine (2002) Co.,Ltd."
Pramongchai 24,,Thailand,,,,,,"Chaicharoen Marine (2002) Co.,Ltd."
Pramongchai 5,,Thailand,,,,,,"Chaicharoen Marine (2002) Co.,Ltd."
Pramongchai 59,,Thailand,,,,,,"Chaicharoen Marine (2002) Co.,Ltd."
Pramongchai 6,,Thailand,,,,,,"Chaicharoen Marine (2002) Co.,Ltd."
Pramongchai 7,,Thailand,,,,,,"Chaicharoen Marine (2002) Co.,Ltd."
Chaicharoen 7,,Thailand,,,,,,"Chaicharoen Marine (2002) Co.,Ltd."
Chaicharoen 9,,Thailand,,,,,,"Chaicharoen Marine (2002) Co.,Ltd."
Chaicharoen 27,,Thailand,,,,,,"Chaicharoen Marine (2002) Co.,Ltd."
Chaicharoen 31,,Thailand,,,,,,"Chaicharoen Marine (2002) Co.,Ltd."
Chaicharoen 33,,Thailand,,,,,,"Chaicharoen Marine (2002) Co.,Ltd."
Chaicharoen 1,,Thailand,,,,,,"Chaicharoen Marine (2002) Co.,Ltd."
Chaicharoen 17,,Thailand,,,,,,"Chaicharoen Marine (2002) Co.,Ltd."
Chaicharoen 37,,Thailand,,,,,,"Chaicharoen Marine (2002) Co.,Ltd."
Chaicharoen 24,,Thailand,,,,,,"Chaicharoen Marine (2002) Co.,Ltd."
Chaicharoen 333,,Thailand,,,,,,"Chaicharoen Marine (2002) Co.,Ltd."
Chaicharoen 15,,Thailand,,,,,,"Chaicharoen Marine (2002) Co.,Ltd."
Chaicharoen 12,,Thailand,,,,,,"Chaicharoen Marine (2002) Co.,Ltd."
Chaicharoen 222,,Thailand,,,,,,"Chaicharoen Marine (2002) Co.,Ltd."
Chaicharoen 111,,Thailand,,,,,,"Chaicharoen Marine (2002) Co.,Ltd."
Chaicharoen 444,,Thailand,,,,,,"Chaicharoen Marine (2002) Co.,Ltd."
K. Chok Anavin 1,,Thailand,,,,,,"Chok Anavin Fishery Co., Ltd."
K. Chok Anavin 10,,Thailand,,,,,,"Chok Anavin Fishery Co., Ltd."
K. Chok Anavin 2,,Thailand,,,,,,"Chok Anavin Fishery Co., Ltd."
K. Chok Anavin 24,,Thailand,,,,,,"Chok Anavin Fishery Co., Ltd."
K. Chok Anavin 6,,Thailand,,,,,,"Chok Anavin Fishery Co., Ltd."
K. Chok Anavin 66,,Thailand,,,,,,"Chok Anavin Fishery Co., Ltd."
K. Chok Anavin 88,,Thailand,,,,,,"Chok Anavin Fishery Co., Ltd."
K. Chok Anavin 99,,Thailand,,,,,,"Chok Anavin Fishery Co., Ltd."
K. Chok Anavin 19,,Thailand,,,,,,"Chok Anavin Fishery Co., Ltd."
K. Chok Anavin 9,,Thailand,,,,,,"Chok Anavin Fishery Co., Ltd."
K. Chok Anavin 25,,Thailand,,,,,,"Chok Anavin Fishery Co., Ltd."
K. Chok Anavin 8,,Thailand,,,,,,"Chok Anavin Fishery Co., Ltd."
K. Chok Anavin 55,,Thailand,,,,,,"Chok Anavin Fishery Co., Ltd."
K. Chok Anavin 29,,Thailand,,,,,,"Chok Anavin Fishery Co., Ltd."
K. Chok Anavin 20,,Thailand,,,,,,"Chok Anavin Fishery Co., Ltd."
K. Chok Anavin 21,,Thailand,,,,,,"Chok Anavin Fishery Co., Ltd."
S. Chanachol 16,,Thailand,,,,,,"JDP Co., Ltd."
S. Chanachol 17,,Thailand,,,,,,"JDP Co., Ltd."
S. Chanachol 444,,Thailand,,,,,,"JDP Co., Ltd."
S. Chanachol 777,,Thailand,,,,,,"JDP Co., Ltd."
S. Chanachon 17,,Thailand,,,,,,"JDP Co., Ltd."
S. Chanachon 47,,Thailand,,,,,,"JDP Co., Ltd."
W. Chokdee 11,,Thailand,,,,,,"JDP Co., Ltd."
W. Chokdee 4,,Thailand,,,,,,"JDP Co., Ltd."
W. Chokdee 5,,Thailand,,,,,,"JDP Co., Ltd."
W. Chokdee 6,,Thailand,,,,,,"JDP Co., Ltd."
W. Chokdee 8,,Thailand,,,,,,"JDP Co., Ltd."
Nang Nuan,,Thailand,,,,,,"Paechae Songkha Co., Ltd."
Pramongchaicharoen,,Thailand,,,,,,"Pattani Fish Meal (1988) Co., Ltd."
S. Kanyakit,,Thailand,,,,,,"Siam International Food Co., Ltd."
K. Chokdee Mongkhonchai 8,,Thailand,,,,,,Songkhla Marine Products Co. Ltd.
Choksirichai,,Thailand,,,,,,"Thai Chareon Fishmeal Industrial Co., Ltd."
Choksirichai 2,,Thailand,,,,,,"Thai Chareon Fishmeal Industrial Co., Ltd."
Ahmet Ocak Balıkçılık 55,9564152,Turkey,271056070,,,,,OCAK BALIKÇILIK SANAYİ VE TİCARET LİMİTED ŞİRKETİ
Akgün Kardeşler,9864411,Turkey,271073288,,,,,Akgün Balıkçılık
Akgun Vedat,9956496,Turkey,271073640,,,,,Akgün Balıkçılık
Aktaslar-C,9028017,Turkey,,,,,,
Ali Cevir 1,9888522,Turkey,271073340,,,,,CFS BALIKÇILIK SANAYİ VE DIŞ TİCARET LİMİTED ŞİRKETİ
Aslisah,8538601,Turkey,271073324,,,,,
Avcı Baba,8687737,Turkey,271069010,,,,,SAFFET AVCIMUSTAFA AVCIMEHMET AVCIAHMET ALİ AVCI
Bafralı 6,,Turkey,271073189,,,,,
Barbaros T,,Turkey,271072372,,,,,
Burhan Reis 5,8685181,Turkey,271062032,,,,,FAİK - HAMDİ - HÜSEYİN - AHMET GÜNDOĞAN
Caliskanlar,8685698,Turkey,271062115,,,,,
Cavit Pırlant,,Turkey,271072629,,,,,
Cinar Kardesler,9937880,Turkey,271073517,,,,,ÇINAR BALIKÇILIK DENİZCİLİK İNŞAAT TURİZM İTHALAT İHRACAT SANAYİ VE TİCARET LİMİTED ŞİRKETİ
Davut Kıyak A,8689474,Turkey,271072287,,,,,Kıyak Kardeşler
Ergun Reis A,9969417,Turkey,271073690,,,,,MARGO & ERGÜN KARDEŞLER BLK. (Mehmet Fuat Sezer)
Fatih Başaran,9788930,Turkey,,,,,,GLOBAL BALIKÇILIK SAN.VE TİC.LTD.ŞTİ.
Hapulo,8564832,Turkey,271073192,,,,,AYDIN KURUCA
Hicaz Balıkçılık,9957256,Turkey,271073599,,,,,Hüseyin Dinçer? Şaban Dinçer
Hicaz 6,9686936,Turkey,271073063,,,,,
İlhan Yilmaz,8685765,Turkey,271056031,,,,,POYRAZKÖY BALIKÇILIK DENİZCİLİK SU ÜRÜNLERİ LİMİTED ŞİRKETİ
İlhan Yılmaz 1,9097226,Turkey,271069004,,,,,YILMAZ KARDEŞLER BALIKÇILIK VE DENİZCİLİK TURİZM İTHALAT İHRACAT SANAYİ VE TİCARET LİMİTED ŞİRKETİ
İlhan Yilmaz 3,9858280,Turkey,271073280,,,,,YILMAZ KARDEŞLER BALIKÇILIK
İlhan Yılmaz 5,9892638,Turkey,271073361,,,,,
İlker Yilmaz,9971202,Turkey,271073688,,,,,Yılmaz Kardeşler Balıkçılık
Kemal Reis 3,8687050,Turkey,271062043,,,,,KEZBAN - MİHRİBAN - DENİZ - NEHİR ÖKSÜZ
Kıyak Kardesler 9,,Turkey,271072582,,,,,
Kıyak Kardesler,,Turkey,271072348,,,,,
M Kurucaoğlu 1,,Turkey,271072356,,,,,
Mamati Orhan,8688729,Turkey,271072472,,,,,ORHAN MENEKŞE - HÜSEYİN MENEKŞE - EMRE MENEKŞE
Mamuli İsmail,9743538,Turkey,271073094,,,,,MAMULİ İSMAİL BALIKÇILIK VE TİCARET LİMİTED ŞİRKETİ
Margo Huseyin,9815290,Turkey,271073245,,,,,ERGÜN KARDEŞLER SU TARIM ÜRÜNLERİ ÜRETİM DEĞERLENDİRME SANAYİ VE TİCARET LİMİTED ŞİRKETİ
Muhammet Kıyak,,Turkey,271073143,,,,,
Muammer Yılmaz,1088308,Turkey,271074014,,,,,Yılmaz Kardeşler Balıkçılık
Mustafa Kuruca,,Turkey,271073074,,,,,
Necati Reis 2,8736459,Turkey,271056023,,,,,UÇAN BALIKÇILIK GIDA NAKLİYAT PETROL ÜRÜNLERİ TURİZM İNŞAAT OTOMOTİV SANAYİ VE TİCARET LİMİTED ŞİRKETİ
Nihat Baba,,Turkey,271072018,,,,,
Turkmenler,8685193,Turkey,271072122,,,,,Mustafa Türkmen
Turk Yilmaz 1,9906506,Turkey,271073392,,,,,TÜRKMENLER BALIKÇILIK VE DENİZCİLİK İTHALAT İHRACAT SANAYİ VE TİCARET LİMİTED ŞİRKETİ
Zaman Avcı,,Turkey,271072196,,,,,
Ahmet Mollaoğlu 1,9788916,Turkey,271073171,,,,,
Akgün Balıkçılık-3,9026459,Georgia,213949000,,,,,AKGÜN BALIKÇILIK VE SU ÜRÜNLERİ AVCILIĞI TİCARET LİMİTED ŞİRKETİ
Akgün Kardeşler,9864411,Turkey,271073288,,,,,
Arıcıoğulları Balıkçılık,9921104,Turkey,271073476,,,,,
Avcı Recebina-3,8774657,Turkey,271072046,,,,,OĞUZ SU ÜRÜNLERİ GIDA NAKLİYAT SEBZE VE MEYVE KOMİSYONCULUĞU TURİZM İNŞAAT TAAHHÜT MOBİLYA ORMAN VE TARIM ÜRÜNLERİ ELEKTRİK ELEKTRONİK LPG MAMÜLLERİ DIŞ TİCARET LİMİTED ŞİRKETİ
Avrupalı Dayı,8548747,Turkey,271073136,,,,,
Aydın Toker,8688638,Turkey,271072367,,,,,
Azaklar-1,8560977,Turkey,271072405,,,,,
Azizler-1,8732843,Turkey,271072176,,,,,
Bafralı-5,8733055,Turkey,271056076,,,,,Kıyak Kardeşler
Bafralı-7,,Turkey,271072590,,,,,Kıyak Kardeşler
Berat Reis,,Turkey,271072418,,,,,
Burak Yagiz,9808534,Georgia,271073172,,,,,
Cakirogullari 6,8463894,Turkey,271072665,,,,,
Can Kardeşler Balıkçılık,8733093,Turkey,271069027,,,,,Can Kardeşler Balıkçılık
Cinar Ibrahim,8992077,Turkey,271072854,,,,,ÇINAR BALIKÇILIK DENİZCİLİK İNŞAAT TURİZM İTHALAT İHRACAT SANAYİ VE TİCARET LİMİTED ŞİRKETİ
Cinarogullari 1,,Turkey,271072338,,,,,DURSUN ÇINAROĞLU BALIKÇILIK DENİZCİLİK İNŞAAT TURİZM İTHALAT İHRACAT SANAYİ VE TİCARET LİMİTED ŞİRKETİ
Dalyan 6,,Turkey,271073799,,,,,
Denizer,9331036,Turkey,271002430,,,,,AHMET SAGUN & MELİH DENİZER
Ergun Basaran,8685882,Turkey,271072105,,,,,BAŞARAN DENİZCİLİK SANAYİ VE DIŞ TİCARET LİMİTED ŞİRKETİ
Ergün Kardeşler Balıkçılık,8669400,Turkey,271072041,,,,,Ergün Kardeşler Balıkçılık
Eyupoglu 2,,Turkey,271048269,,,,,
Fırtına Balıkçılık,,Turkey,271072476,,,,,FIRTINA BALIKÇILIK GEMİ SANAYİ NAKLİYAT TİCARET LİMİTED ŞİRKETİ
Gumusdoga-10,,Turkey,271001172,,,,,Gümüşdoğa Su Ürünleri
Gumusdoga-20,,Turkey,271045720,,,,,Gümüşdoğa Su Ürünleri
Gumusdoga-24,8462175,Turkey,271001210,,,,,Gümüşdoğa Su Ürünleri
Gumusdoga-26,,Turkey,271045958,,,,,Gümüşdoğa Su Ürünleri
Gumusdoga-27,,Turkey,271073377,,,,,Gümüşdoğa Su Ürünleri
Gumusdoga-28,,Turkey,271073195,,,,,Gümüşdoğa Su Ürünleri
Gumusdoga-36,8461872,Turkey,271045957,,,,,Gümüşdoğa Su Ürünleri
Gumusdoga-45,,Turkey,271044495,,,,,Gümüşdoğa Su Ürünleri
Gumusdoga-46,,Turkey,271001214,,,,,Gümüşdoğa Su Ürünleri
Gumusdoga 50,8461999,Turkey,271072162,,,,,Gümüşdoğa Su Ürünleri
Gumusdoga-82,,Turkey,271073395,,,,,Gümüşdoğa Su Ürünleri
Gumusdoga-101,,Turkey,271047217,,,,,Gümüşdoğa Su Ürünleri
Gumusdoga 102,8462010,Turkey,271047009,,,,,Gümüşdoğa Su Ürünleri
Gumusdoga 104,8462022,Turkey,271073422,,,,,Gümüşdoğa Su Ürünleri
Gumusdoga-107,8462204,Turkey,271048010,,,,,Gümüşdoğa Su Ürünleri
Gumusdoga-108,8462199,Turkey,271049495,,,,,Gümüşdoğa Su Ürünleri
Gumusdoga-109,8461860,Turkey,271049496,,,,,Gümüşdoğa Su Ürünleri
Gumusdoga-110,,Turkey,271049497,,,,,Gümüşdoğa Su Ürünleri
Gumusdoga-112,8461913,Turkey,271050024,,,,,Gümüşdoğa Su Ürünleri
Gumusdoga-113,,Turkey,271049585,,,,,Gümüşdoğa Su Ürünleri
Gumusdoga-115,8461913,Turkey,271050024,,,,,Gümüşdoğa Su Ürünleri
Gumusdoga 116,8462149,Turkey,271050143,,,,,Gümüşdoğa Su Ürünleri
Gumusdoga-117,8462034,Turkey,271073789,,,,,Gümüşdoğa Su Ürünleri
Gumusdoga 119,8461925,Turkey,271073804,,,,,Gümüşdoğa Su Ürünleri
Gumusdoga 121,,Turkey,271073770,,,,,Gümüşdoğa Su Ürünleri
Gumusdoga-122,,Turkey,271073771,,,,,Gümüşdoğa Su Ürünleri
Gumusdoga-129,8461901,Turkey,271073897,,,,,Gümüşdoğa Su Ürünleri
Gumusdoga 130,8462151,Turkey,271073888,,,,,Gümüşdoğa Su Ürünleri
Habibin Enver,9808546,Turkey,271073205,,,,,
Habibin Yavuz,9897262,Turkey,,,,,,
Hacı Emrullah Reis 3,9955351,Turkey,271073610,,,,,
Hapulo Mürsel,8445359,Turkey,271073244,,,,,
Hicaz 5,8687062,Turkey,271062035,,,,,Hicaz Balıkçılık - Şaban Dinçer
Hicaz 3,8597906,Turkey,271062036,,,,,Hicaz Balıkçılık - Şaban Dinçer
Isıklar 3,8578730,Turkey,271062116,,,,,
Istakoz Balıkçılık,,Turkey,271056033,,,,,
İbrahim Muhammet Kıyak,,Turkey,,,,,,Kıyak Kardeşler
Kara Bera,,Turkey,271072693,,,,,
Kavramıs Mahmut,1420588,Turkey,271072488,,,,,
Kazım Kobya,9956343,Turkey,213554000,,,,,Koptur Balıkçılık
Kıyak Kardeşler 5,,Turkey,271072352,,,,,Kıyak Kardeşler
Kilimoglu,8524208,Turkey,271073224,,,,,Kilimoğlu Balıkçılık
Kobyalar 1,,Turkey,271073637,,,,,Kobyalar Group
Kobyalar 7,8732829,Georgia,271072107,,,,,Kobyalar Group
Kobyalar 17,8454879,Turkey,271072921,,,,,Kobyalar Group
Kolombo Balıkçılık A,8554710,Turkey,271073257,,,,,Kıyak Kardeşler
Korkmazlar Balıkçılık,9808558,Turkey,271073241,,,,,
Malkoçoğlu Atıf Kaptan,8525367,Turkey,271069023,,,,,Malkoçoğlu Balıkçılık
Malkoçoğlu Cemal Reis,8443791,Turkey,271062085,,,,,Malkoçoğlu Balıkçılık
Malkoç Bey,8526529,Turkey,271072047,,,,,Malkoçoğlu Balıkçılık
Malkoçoğlu Balıkçılık 1,8695459,Turkey,271062142,,,,,Malkoçoğlu Balıkçılık
Margo Mahmut,9857092,Georgia,213477000,,,,,Ergun Kardeşler Balıkçılık
M Ömer Baba,8443789,Turkey,271072048,,,,,Malkoçoğlu Balıkçılık
Muhammet Saban Kıyak,,Turkey,,,,,,Mavi Ay Balıkçılık
Neslişah-1,8556287,Turkey,271073348,,,,,Aziz Balıkçılık
Oruç Reis Balıkçılık,9089554,Turkey,271008508,,,,,Mehmet Aksoy - owner
Osman Serter 1,8687309,Turkey,271072141,,,,,
Ozlem,,Turkey,271072473,,,,,
Poyraz 3,,Turkey,271073263,,,,,
Reisogullari,8547092,Turkey,271072882,,,,,
Şaban Kıyak-1,9843039,Turkey,271073256,,,,,Kıyak Kardeşler
Şahin Balıkçılık 2,9788942,Turkey,271073168,,,,,
Sursan1,8686202,Turkey,271069001,,,,,Sürsan Aqua
Sursan 26,9852406,Turkey,271073271,,,,,Sürsan Aqua
Sursan 34,9950492,Turkey,213559000,,,,,Sürsan Aqua
Sursan 22,1435175,Turkey,271072887,,,,,Sürsan Aqua
Tuncay Sagun1,8685284,Turkey,271066006,,,,,
Yıldız Kardeşler Bal,8689125,Turkey,271072272,,,,,
ZamkinozSelahattin 1,8687878,Turkey,271056029,,,,,
Zeki Üçüncüoğlu,8592695,Turkey,271073738,,,,,Salih Üçüncüoğlu - owner
Baruna Jaya,,Indonesia,328000003,,22301000012129,Ppn Tasik Agung Ppn Tegalsari,Tegal/Gt.30 No.4042/Ft,Aan Sukmana
Sheena,,Indonesia,,,22301000015395,Pp Kasiwa Ppi Tanjung Limau Bontang,Bontang/Gt.26 No.128/Iip,Amsir Mansuria
Sinar Ultra,,Indonesia,,,2080211985581,Ppn Muara Angke Ppn Tegalsari,Muara Angke/Gt.58 No.550/Be,Arpo Supangat
Bintang Mas Cahaya,,Indonesia,525900547,,4150100737600,Ppn Pekalongan Ppp Bajomulyo,Pekalongan/Gt.93 No.2166/Fp,Engedi Bait Hasil Pt
Dedy Jaya Manunggal,,Indonesia,,,22301000015585,Pp Karanganyar Pp Ujung Batu,Rembang/Gt.30 No.1435/Ia,Lasiran
Sampurna Jaya,,Indonesia,,,2150100327303,Ppn Pekalongan Ppp Bajomulyo,Pekalongan/Gt.91 No.2036/Fp,Alamsegar Jaya Pt
Sampurna Jati Abadi,,Indonesia,,,2160100338128,Pp Batulicin Ppp Bajomulyo,Juwana/Gt.99 No.1579/Gc,Budi Putra Nusantara Pt
Magfira 05,,Indonesia,,,22301000013309,Pp Untia Ppi Tanjung Limau Bontang,Poliwali/Gt.30 No.297/Llw,Muhtar
Ferry Indah,,Indonesia,636024503,,22301000015595,Pp Karanganyar Pp Sarang,Rembang/Gt.30 No.1193/Ia,Munahar
Mekar Jaya Iv,,Indonesia,,,22301000014489,Pp Karanganyar Pp Ujung Batu,Rembang/Gt.25 No.1679/Ia,Munari
Budi Pangroso,,Indonesia,,,4160101907597,Ppkota Baru Ppp Bajomulyo,Juwana/Gt.99 No.1856/Gc,Putra Leo Nusantara Pt
Agung Samudra,,Indonesia,,,22301000014032,Pp Karanganyar Ppn Tasik Agung,Rembang/Gt.22 No.1088/Ia,Putra Wahyu Samudra Pt
Citra Jaya 1,,Indonesia,,,4170100339022,Ppn Muara Angke Ppn Tegalsari,Muara Angke/Gt.91 No.1289/Be,Segara Alam Mutiara Abadi Pt
Mustika Sari 2,,Indonesia,,,22301000013598,Ppn Tasik Agung Ppp Bajomulyo,Rembang/Gt.30 No.1276/Ia,Wagiran
,,Vietnam,,,,,,Hà Thị Thìn
,,Vietnam,,,,,,Hà Thị Thìn
,,Vietnam,,,,,,Nguyễn Lưu Linh
,,Vietnam,,,,,,Nguyễn Văn Sanh
,,Vietnam,,,,,,Phan Thanh Khiết
,,Vietnam,,,,,,Lê Thị Ngọc Loan
,,Vietnam,,,,,,Nguyễn Viết Nam
,,Vietnam,,,,,,Phan Thanh Khiết
,,Vietnam,,,,,,Lê Thị Ngọc Loan
,,Vietnam,,,,,,Nguyễn Văn Nhượng
,,Vietnam,,,,,,Nguyễn Văn Nhượng
,,Vietnam,,,,,,Phan Thanh Khiết
,,Vietnam,,,,,,Trương Văn Chuồng
,,Vietnam,,,,,,Trần Ngọc Định
,,Vietnam,,,,,,Lê Thị Kim Liên
,,Vietnam,,,,,,Trần Phong Ba
,,Vietnam,,,,,,Lê Thị Mành
,,Vietnam,,,,,,Nguyễn Văn Bạch
,,Vietnam,,,,,,Trần Văn Dũng
,,Vietnam,,,,,,Nguyễn Viết Nam
,,Vietnam,,,,,,Phạm Gia Thiên
,,Vietnam,,,,,,Lê Thị Ngọc Loan
,,Vietnam,,,,,,Phan Thanh Khiết
,,Vietnam,,,,,,Nguyễn Văn Bạch
,,Vietnam,,,,,,Nguyễn Lưu Linh
,,Vietnam,,,,,,Trần Thị Kim Yến
,,Vietnam,,,,,,Phan Thanh Khiết
,,Vietnam,,,,,,Lê Thị Kim Liên
,,Vietnam,,,,,,Trần Ngọc Định
,,Vietnam,,,,,,Trần Thị Kim Yến
,,Vietnam,,,,,,Nguyễn Văn Sanh
,,Vietnam,,,,,,Nguyễn Văn Sanh
,,Vietnam,,,,,,Nguyễn Văn Nhượng
,,Vietnam,,,,,,Nguyễn Văn Nhượng
,,Vietnam,,,,,,Nguyễn Văn Nhượng
,,Vietnam,,,,,,Phan Thanh Khiết
,,Vietnam,,,,,,Phạm Thị Thanh Tuyền
,,Vietnam,,,,,,Phan Thanh Khiết
,,Vietnam,,,,,,Nguyễn Văn Nhượng
,,Vietnam,,,,,,Trương Văn Chuồng
,,Vietnam,,,,,,Trương Văn Chuồng
,,Vietnam,,,,,,Nguyễn Văn Bạch
,,Vietnam,,,,,,Trần Phong Ba
,,Vietnam,,,,,,Trần Như Hòa
,,Vietnam,,,,,,Trần Thị Kim Yến
,,Vietnam,,,,,,Trần Phong Ba
Al Qaswae,,Morocco,,,11344,Dakhla,,Delimar Sa
Anir,,Morocco,,,81067,Agadir,,Delimar Sa
Annakhla,,Morocco,,,8116,Agadir,,Delimar Sa
Atbir,,Morocco,,,8833,Agadir,,Delimar Sa
Attawhid,,Morocco,,,33192,Agadir,,Delimar Sa
El Alaoui,,Morocco,,,1144,Agadir,,Delimar Sa
El Gharbi,,Morocco,,,8860,Agadir,,Delimar Sa
Safinat Errahmane,,Morocco,,,81077,Agadir,,Delimar Sa
Sahm Sahara,,Morocco,,,11236,Agadir,,Delimar Sa
Soultane,,Morocco,,,11325,Agadir,,Delimar Sa
Soundous,,Morocco,,,6981,Agadir,,Delimar Sa
Abdou,,Morocco,,,8318,Agadir Safi Layounne Tan Tan,,Mtahri
Abou El Faraj,,Morocco,,,37629,Agadir Tan Tan,,Andrexport Ii Sarl
Abou Mohamed,,Morocco,,,11358,"Agadir
Sidi Ifni",,"Brahim Mahir
Mahir Abdelhadi"
Abou Najib,,Morocco,,,62184,Moroccan Port,,Nouvelle Ougala Sarl
Abou Rayane,,Morocco,,,81073,Tantan Agadir Laayoune,,Tantasar Sarl
Abou Reda,,Morocco,,,81049,Moroccan Port,,Nouvelle Ougala Sarl
Abou Safouane,,Morocco,,,2237,Agadir,,Vanelli Maroc Sa
Abou Taha,,Morocco,,,10119,Moroccan Port,,Nouvelle Ougala Sarl
Achabab,,Morocco,,,81074,Agadir Safi Layounne Tan Tan,,Habza
Achakir 1,,Morocco,,,4318,Moroccan Port,,Nouvelle Ougala Sarl
Achuraimi,,Morocco,,,5242,Tantan Agadir Laayoune,,Tantasar Sarl
Afnane,,Morocco,,,1461,Dakhla,,Conserveries Rio De Oro
Agadir,,Morocco,,,74221,Agadir Safi Layounne Tan Tan,,Habza
Ain Tamaloukt,,Morocco,,,877,Agadir,,Vanelli Maroc Sa
Akram 2,,Morocco,,,72221,Tantan,,Akram 2
Akram 2,,Morocco,,,71221,"Laayoune
Tarfay",,Amlago
Al Aabir,,Morocco,,,4312,Agadir,,Vanelli Maroc Sa
Al Abraje,,Morocco,242563000,,71212,Agadir Safi Layounne Tan Tan,,Amlago
Al Akhchabain,,Morocco,,,7950,"Sidi Ifni
Agadir
Tan Tan",,"Idder Bouhrane
Ahmed Errachek"
Al Ansar 2,,Morocco,,,61461,Harbour Agadir,,Sialco Sa
Al Falaq 1,,Morocco,,,13523,Agadir Tan Tan,,Andrexport Ii Sarl
Al Forqan,,Morocco,,,81137,"Laayoune
Tarfaya",,"Idder Bouhrane
Drissi Said"
Al Ghamama,,Morocco,,,81084,Agadir,,Vanelli Maroc Sa
Al Hikma 2,,Morocco,,,11359,Laayoune,,Boumlik Abdelmalek
Al Ikhlas 1,,Morocco,,,3808,Moroccan Port,,Nouvelle Ougala Sarl
Al Mizab,,Morocco,,,3806,Laayoune,,Jamal
Al Mofid 2,,Morocco,,,22920,Agadir Tan Tan,,Andrexport Ii Sarl
Al Moufid Ii,,Morocco,,,17502,Tantan,,Pesca Aouada
Alaaraf,,Morocco,,,81058,Dakhla,,Conserveries Rio De Oro
Alkanze 3,,Morocco,,,18902,Agadir Tan Tan,,Andrexport Ii Sarl
Allotf 1,7825538,Morocco,242942000,,8975,Dakhla,,Benis Peche Sarl
Allotf 2,,Morocco,,,8966,Dakhla,,Benis Peche Sarl
Allotf 3,7911026,Morocco,242926000,,8988,Dakhla,,Benis Peche Sarl
Amellagou,,Morocco,,,4319,Laayoune,,El Barrah Abdelkader
Anz,,Morocco,,,37853,Agadir Safi Layounne Tan Tan,,Moussaid
Assaadi,,Morocco,,,34304,Dakhla,,Lgmc
Assia,,Morocco,,,81103,Agadir,,Delimar Sa
Assoul,,Morocco,,,81121,"Laayoune
Tarfaya",,El Barrah Abdelkader
Astrid,,Morocco,,,12116,Dakhla,,Conserveries Rio De Oro
Atbir,,Morocco,,,8938,Sidi Fini,,Ste Jamal
Ayoub,,Morocco,,,32182,Agadir Safi Layounne Tan Tan,,Habza
Baz El Hour,,Morocco,,,33178,Agadir Tan Tan,,Andrexport Ii Sarl
Ben Brahim,,Morocco,,,7908,Agadir,,Delimar Sa
Boussalem,,Morocco,,,81088,Agadir Tan Tan,,Andrexport Ii Sarl
Dakhla,8982840,Morocco,242087000,,872,Agadir,,Delimar Sa
Dakhla 2,,Morocco,,,26512,Agadir Tan Tan,,Andrexport Ii Sarl
Dar Essalam,,Morocco,,,71219,Agadir Safi Layounne Tan Tan,,Amlago
Di Nitaqayn,,Morocco,,,33191,Agadir,,Delimar Sa
Dina 3,,Morocco,,,1459,Moroccan Port,,Nouvelle Ougala Sarl
Doums,,Morocco,,,4320,Agadir,,Delimar Sa
Doyouf Al Bahr,,Morocco,,,62163,Agadir Safi Layounne Tan Tan,,Atlas Maree
El Badii,,Morocco,,,11372,Agadir,,Jamal
El Haj Belaid,,Morocco,,,1462,Tantan Agadir Laayoune,,Assyade Mustapha
El Haj Omar,,Morocco,,,10117,Agadir,,Delimar Sa
El Majd,,Morocco,,,5235,Agadir Safi Layounne Tan Tan,,Amlago
El Majd 5,,Morocco,,,8504,Agadir,,Waagagi
Erika,,Morocco,,,81026,Dakhla,,Unimer Dakhla
Essadik 1,,Morocco,,,81129,Tantan,,
Etoils Du Nord Ii,,Morocco,,,33116,Mdiq,,Fatima Rahmouni Adnane El Handi
Farhat,,Morocco,,,7675,Safi,,Safi Pelagiques
Founti,,Morocco,,,6994,Tantan,,
Hadj Abdelmalek,,Morocco,,,10121,Agadir,,Vanelli Maroc Sa
Hammat Al Jano,,Morocco,,,81059,Moroccan Port,,Nouvelle Ougala Sarl
Hamza,,Morocco,,,8474,Agadir Tan Tan,,Andrexport Ii Sarl
Idder,,Morocco,,,8788,Agadir,,Delimar Sa
Imraine,,Morocco,,,31017,Agadir Tan Tan,,Andrexport Ii Sarl
Ismail 1,,Morocco,,,2229,Agadir Tan Tan,,Andrexport Ii Sarl
Jabal Nour,,Morocco,,,3478,Mdiq,,Maloul Ahmed Ghomari Abdelaziz
Jawharat Souss,,Morocco,,,3794,Moroccan Port,,Nouvelle Ougala Sarl
Kamar Ezzaman,,Morocco,,,8418,Agadir Tan Tan,,Andrexport Ii Sarl
Les Freres 6,,Morocco,,,81099,Agadir Tan Tan,,Andrexport Ii Sarl
Mansour Dakhla,,Morocco,,,33208,Dakhla,,Lgmc
Marrakech 2,,Morocco,,,37994,Agadir Tan Tan,,Andrexport Ii Sarl
Marrakech Ii,,Morocco,,,814,Agadir,,Delimar Sa
Masr,,Morocco,,,22555,"Tantan
Sidi Ifni",,Sahara Maree
Mohamed Ben Abdelali,,Morocco,,,22190,Agadir Tan Tan,,Andrexport Ii Sarl
Mouaad 4,,Morocco,,,61231,Agadir Tan Tan,,Andrexport Ii Sarl
Moutiaa Arrahman,,Morocco,,,7927,Moroccan Port,,Nouvelle Ougala Sarl
Mustapha 2,,Morocco,,,33170,Mdiq,,Adrissi Jaouad
Nord Ouest,,Morocco,,,61167,Agadir Safi Layounne Tan Tan,,Moussaid
Nour Al Yaqine,,Morocco,,,7946,Safi,,Madir Kamal Madir Youness
Oum Al Qoura,,Morocco,,,71105,Agadir Tan Tan,,Andrexport Ii Sarl
Polar,,Morocco,,,801012,Dakhla,,2Ks Fishing
Qenwan,,Morocco,,,11346,"Laayoune
Tarafaya",,"Bentahar Hassan
Bentahar Salma"
Quant,,Morocco,,,35034,Dakhla,,Marifish
Quba,,Morocco,,,11373,Agadirs Ifnitantan,,Bazdi Ahmed Et Hassan
Rabii De Mdiq,,Morocco,,,7954,Safi,,Maditraco
Retaj,,Morocco,,,2230,"Laayoune
Tarafaya",,Brahim Idoukkim And Co
Riad,,Morocco,,,21063,Agadir Safi Layounne Tan Tan,,Sesa Marine
Saad 2,,Morocco,,,81134,Sidi Fini,,Najib Ghamaz
Safa 5,,Morocco,,,11353,"Sidi Ifni
Agadir
Tan Tan",,"Edder Bouhrane
Koukkous Hassan"
Safoua,,Morocco,,,81063,Agadir,,Birgo Ahmed
Sayf Allah,,Morocco,,,7940,"Laayoune
Tan Tan
Sidi Ifni",,"Lahcen Fouad
Lahcen Jalal"
Sayf El Islam,,Morocco,,,62188,"Laayoune
Tarfaya
Sidi Ifni",,Afkir Brahim And Co
Semouss,,Morocco,,,7945,Safi,,Driss Benchouaf
Sidi Borja 1,,Morocco,,,11333,Tantan,,El Habza Abderrahim
Sidi Boutami,,Morocco,,,61004,Dakhla,,Conserveries Rio De Oro
Sidi Mohmed Ben Abdellah,,Morocco,,,45201,Agadir Tan Tan,,Andrexport Ii Sarl
Souad,,Morocco,,,6839,Moroccan Port,,Nouvelle Ougala Sarl
Taha,,Morocco,,,12777,Agadir Safi Layounne Tan Tan,,Habza
Taissir,,Morocco,,,4261,Laayounetarfaya,,MaBark Boujbari
Takoumba,,Morocco,,,10123,Agadir Tan Tan,,Andrexport Ii Sarl
Takoumba 4,,Morocco,,,62187,"Tantan
Sidi Ifni
Tarfaya",,Gold Pesca
Tanalt 1,,Morocco,,,81132,Tantan Agadir Laayoune,,Tantasar Sarl
Taoufik,,Morocco,,,81109,Tantan Agadir Laayoune,,Tantasar Sarl
Taroudant,,Morocco,,,1194,Moroccan Port,,Nouvelle Ougala Sarl
Tetouan,,Morocco,,,11244,Moroccan Port,,Nouvelle Ougala Sarl
Tidrarine,,Morocco,,,26604,Agadir Tan Tan,,Andrexport Ii Sarl
Walid 3,,Morocco,,,4325,Laayoune,,
Zamzam 2,,Morocco,,,33179,Moroccan Port,,Nouvelle Ougala Sarl
Zayn Al Abidine,,Morocco,,,11332,Agadir Safi Layounne Tan Tan,,Amlago
Abdelhadi 3,,Morocco,,,5237,,,Abdane Adil 50    Et Adnane Mohamed 50
Abdelmourit,8984953,Morocco,271002402,TC9921,7866,,,Lahcen Ouchen A181578 13                                             Mhand El Jidi J211639 13                               Mohamed Amzil N89177 13
Abdou 3,,Morocco,,,8318,,,Fatima Saadi Jb771  1252                                                 Hassan Tachka Jb45724  2916                                   Abdellah Tachka Jb71705  2916                                Hafid Tachka  J320755  2916
Abou Soulaimane,,Morocco,,,11297,Sidi Fini,,Brahim Mahir 75   Et Afkir Lahcen 25
Abou Yahya,,Morocco,,,11281,,,Boujemaa Gourti Sh94369 50                             Abdelmajid Gourti Sh131216 50
Afco 2,8505408,Mauritania,257801500,JWTU,706DMM,,,Rptd Sold Undisclosed Interest
Afghani,,Morocco,,,7706,,,Hassan Bazdi J31241  50                                            Noreddine Laroussi H251955 50
Ain Al Aati 2,7230953,Morocco,,VVKM,2171,,,Adid Mohamed 50                                                      Biyjeddiguen Lahcen 50
Akchar,8802399,Mauritania,654045700,5TTDA,,,,Rptd Sold Undisclosed Interest
Akchar 1 Extojako,8805937,Mauritania,259476000,LIYG,697DMM,,,Rptd Sold Undisclosed Interest
Akchar 2,8850437,Mauritania,654046100,5TTDD,,,,Rptd Sold Undisclosed Interest
Al Ansar 2,6726682,Morocco,,SW2123,8958,,,Ahmed Aaouda J254191 40                             Mohammled Aaouda J97132 40                           Elmahdi Hajri 20
Al Bahar,5177030,Morocco,,,6956,,,Lahbib Boulfiras S8548   100
Al Joudi,,Morocco,,,11285,,,Mohamed Bentahar J259679 13                                 Mohamed Bentahar J447109 13                              Hasan Bentahar J253820 13
Al Wifak 2,,Morocco,,,11227,,,Abdellah Boumlik J98344  80                                        Ahmed Charmoudi Jb78609  20
Amarir,6819116,Morocco,,EHZZ,8819,,,Amarir Mhand 33                                                         Amarir Ahmed 33                                              Other 33 No Name
Amelia Exmida Y Dakhla,7424671,Belize,242889000,CNA4188,701720077,,,Laivu Technika Uab
Anouar Al Janoub,,Morocco,,,11240,,,Mhand Boumalik 6667       Et                              Lahcen Oumourghich 3333
Anzi 4,,Morocco,,,7890,,,Lahoucine Madi J105814 50                                    Hassan El Amghari Jf3574 50
Aoulouz 2,,Morocco,,,11228,,,Aferrhal Said  J8879 13                                Abdellah Aferrhal J244397  13                  Ahmed Aferrhal J250160  13
Aousserd 5,,Morocco,,,12106,,,Mohamed El Amine Daiedda  Od15508 34                   Abderrahman Sattar  Od31881 33                        Mbarek Sattar  Sh76878 33
Assaadi Exadrar,7719923,Morocco,242191100,CNA4968,1293,,,Star Shipping
Atbir,,Morocco,,,8933,Agadir,,Mohamed Loughzal J209202  50                          Abdellah Moujahid Jb113676 50
Attaf 2,,Morocco,,,62141,Agadir,,Hassan Boudar J170419  70                                           Rachid Boudar  J424182  10                                        Mustafa Boudar  J512385  10  10 Missing
Ayman,,Morocco,,,5225,,,Heritiers Zrhana
Ayse,8315542,Cameroon,232056997,,,,,Silvernature Ltd
Balamida,9362762,Spain,224574000,5TYO,,,,Balmar Pesquerias
Baobab,7922283,Guineabissau,,,,,,
Barbaresque 3,,Morocco,,,81005,,,Hassan Bazdi J31241  335                                       El Houssein Zahiry J138777 335                                 Brahim Ait Oulhaj J222864 33
Bente,,,,,,,,
Bienvenue 3,,Morocco,,,1377,Nador,,El Hachmi Gourti Sh12837 100
Bilal 3,,Morocco,,,3674,,,Ste Yasemonpeche Sarl 100
Bissat Al Khair,,Morocco,,,11272,,,Eddib Mbark   100
Boha Wittenbergen,9014676,Panama,,,,,,
Boudaoud 2,,Morocco,,,11274,,,Ahmed Mtahri H45377 40                                     Brahim Hajib J2553 35                              Mohamed Charmoudi Jb142603  25
Bouderhem,,Morocco,,,8753,,,Id Benjaa Hassan J31058 100
Boughaz 4,,Morocco,,,3742,,,El Hassan El Kilo La1330  100
Boulanwar,,Morocco,,,1296,,,Sidi Sloh El Jomani Sh2314  100
Bourriche 1,,Morocco,,,11323,,,Ste Bouddar Peche Sarl 100
Bouterhroucht 2,,Morocco,,,33166,Mdiq,,Brahim Bouterhroucht J80214 100
Buland,7713010,Morocco,312216000,CNA4845,1283,,,Atuneros Del Sur Sarl
Cap Blanc,8814665,Netherlands,246857000,PDVB,NLD199072038,Scheveningen,Sch-153,Vrolijk Iii Bv
Cap Mauritanie 1,,France,227827000,FHKN,,,,
Catrua,9212618,Spain,224355000,EAWY,ESP000024372,Marin,3Vi-2-3-99,Pontepesca Mar Sl
Cetus,8612794,Morocco,242761300,CNA5345,81079,Dakhla,,Gold Anchor Fishing
Chang Xing 1,9195808,Indonesia,257536600,LJLF,,,,Rptd Sold Undisclosed Interest
Curbeiro,9194191,Spain,224106000,EACV,ESP000024033,Las Palmas De Gran Canaria,3Gc-1-6-98,Loira Pesquera
Dammun 2,,Morocco,,,11235,,,Ahmed Bouhfi H13285 100
Derya Aytekin,9136864,Panama,,,,,,
Dewas 1,7712767,Mauritania,312506000,V3ET3,,,,Nordicfish Ltd
Dinar 3,,Morocco,,,8131,,,Ste Armement Peche Benslimane Sarl 100
Ekmen,9136888,Panama,,,,,,
El Boutili,5016389,Morocco,225983716,CNA4058,1383,Nador,,El Habza Abderrahim  40                                                          El Habza Aissa    40                                                       El Habza Abdessalam  20
El Kachte,,Morocco,,,8979,Tantan,,Abdelkader Ahtil J53628 25                                      Ahtil Brahim 25                                                        Ahtil Lahoussine 25                                            Ahmed Amenkal 25
El Maasoul 2,,Morocco,,,8945,,,Lahoucine Issoug J108399  50                                Mohamed Moumene J34910 50
El Mohit 1,,Morocco,,,11241,,,Rachid Saissi H212040  25                                         Mohamed Barkouch J317081  25                       Rachid Barkouch J349963  25                             Abdelaziz Saissi Jb31520  25
El Moukafih,,Morocco,,,11158,,,Mohamed Boumlik J252183 100
Ernir,8604010,Belize,,,,,,
Etrella De Alhoceima,,Morocco,,,249,,,Abdelhadi Belhathat 50                                         Abdelouahed Belhathat 50
Fadl Allah,,Morocco,,,11171,,,Abderrahmane Bousri 50              Et                                      El Hassan El Talibi 50
Fox,9452452,Malta,,,,,,
Funcho,9230701,Spain,224266000,EAUS,ESP000024975,Las Palmas De Gran Canaria,3Gc-1-8-00,Freiremar Sa
Golan 1,5341825,Morocco,,LLNO,11302,,,Jamal Oulgour J285616 75                                      Abdellah Ait Oufkir Jb102995 25
Gulf Rain,9056052,St Kitts And Nevis,,,,,,
Hansome Brothers,8953083,Cameroon,259554000,LJMF,,,,Rptd Sold Undisclosed Interest
Helen Mary,9126364,Germany,211238930,DQLI,DEU000300601,Rostock,Ros785,Oderbank Hochseefischerei
Hellodden,7644489,Belize,312363000,V3VB8,11611861,,,Rptd Sold Undisclosed Interest
Hermanos Delgado,8739932,Spain,224026860,EBSY,ESP000024970,Lepe,,Alfonso Pesqueras
Himmel,9133513,Panama,,,,,,
Illigh,7524495,Morocco,235111819,ESFH,1062,,,Bijarche Mohamed  Sh9569   23                                   El Kahya Abdellah  Jb51313 13
Imouzzer 2,,Morocco,235116491,,7686,,,Les Heritiers Du Feu Ait Belaid Mohamed 13                      Les Heritiers Du Feu Liassy Ahmed 13                                  Et Taleki Mhamed 13
Isla De Santa,9192806,Spain,224292000,YYP5040,FPA47,Cumana,,Hajjr Koury Rommel Antonio
Itrane 1,,Morocco,,,11239,,,Omar Amine Mc82982 20                                         Brahim Amine Mc26779 20                                  Hassan Amine Ha111685 20                             Elmustafa Amine J432331 20                                     Abdlakrim Almine Mc79009 20
Ivy 1,8504284,Panama,,,,,,
Jawharat El Bahr,,Morocco,,,61223,,,Lahcen Lamjeyad Jf14306   65                                        Mbarek Hammia  Od12489  35
Jean Marie,,Morocco,,,1097,,,Mohamed Bouzag  J257235 100
Key Bay,,Netherlands,,,,,,
Khaibar,,Morocco,,,8755,,,Brahim Tachaou J21014  40                                            Ahmed Tachaou J160347  40                                    Hassan Tachaou  J48908  20
Komandor,9139610,Russia,273299680,UBVW3,PK6896,Pkamchatskiy,,Jsc Akros
Kortoba 1,8520056,Morocco,577146000,YJTG3,2209,Port Vila,,Lahoucine Id Ouakrim J221813 25                        Lahcen Bounini Jb20041  20                    Mohamed Ouachaou J26482  20                     Brahim Idouakrim Jb344055 25                                                          Moulay Said Idouakrim J305115  10
Lonnoy,5359652,Morocco,242589300,CNA5177,12104,,,Ste Oceanodak Sarl
Louize,,Morocco,,,11301,,,Ahmed Moumene J222065   23                                     Brahim Barigou J60655 13
Mabrouk 3,,Morocco,,,8743,,,Zinni Bray 100
Magdalena,8822600,Angigua And Barbuda,,,,,,
Masr,6804616,Morocco,,TFKE,1061,,,Ali Akoubas  Jb31719 50                                                  Mohamed El Ghalough J270759  50
Mayor,7726691,Morocco,242174100,CNA4890,1291,,,Ste Silver Food
Mercedes Quesada,,Spain,224283540,EA6235,ESP000009573,Arguineguin,3Gc-1-2078,
Meya,8616142,Morocco,242141100,CNA4712,801013,,,Ste Pelagic Pionniere
Monsun Also Uses The Name Sebastian,8522406,Denmark,219340000,OZEL,DNK000008512,Thybora N,L106,Christer Og Lennart Fiskeri As
Moustaqil,7532777,Morocco,,YQMK,1019,Agadir,,Lahcen Amehri Et Abdeslam Ihmiden
Naim 2,8701650,Morocco,,VVMM,2212,,,Arab Abbad N40423  3334                                  Abdellah Errami J92436  3333                               Rachid Birouaine J394847  3334
Naja,9145126,,,,,,,
Neknafa,,Morocco,,,11267,,,El Maati Hanani  A266624  50                                         Mohamed Boughmi  J37519  50
Nouamane 3,5091884,Morocco,,ECAM,1268,,,Mohammed Abaakil J164614 75                             Arrab Bakhkhach 25
Ns Angela,9071076,Moldova,,,,,,
Ocean Maria,8719164,Norway,654050500,5TWC,,,,
Oramalia,,,,,,,,
Oudad,,Morocco,,,8862,,,Mohamed Loughzal J209202  50                          Abdellah Moujahid Jb113676 50
Ozlem,7805071,Cameroon,620659000,,,,,Silvernature Ltd
Polar,9227431,Morocco,242359400,CNA5938,,,,
Princess Nabiha,9144457,Panama,,,,,,
Quba,,Morocco,,,71199,Dakhla,,Moulah Abdellah Mounis G102884 75              Idris Yaroud Jf16930 25
Rabii 3,,Morocco,,,11250,,,My Lahcen Chourri 80                                Mohamed El Jidi 20
Redouane 3,,Morocco,,,4288,,,Chakil Khalid 100
Ridaga,8505410,Cameroon,620028000,D6A2028,,,,Rptd Sold Undisclosed Interest
Rokhy,8812904,Panama,,,,,,
Salama 4,,Morocco,,,81002,,,Aderdour Mhand 3333                                                     El Jamri Brahim 3333                                             Adbellah El Jamri 3334
Samak Sahara,7337866,Morocco,,ESCO,1047,,,Ste Samak Sahara
Samia 5,,Morocco,,,6889,,,El Battah Brahim  Ste Pelagique Inter Sahara Sarl
Sea Eagle,8410380,Togo,,,,,,
Senior,7712731,Morocco,242185100,CNA4920,,,,
Sernou,,Morocco,,,71165,,,Abderrahim El Haddad 100
Sidi Ifni 2,,Morocco,,,11259,,,Id Benjaa Mhand J29827 75                                   Id Benjaa Lahcen J298780 25
Storm,9212448,Vantuanu,,,,,,
Su,9116084,Barbados,271000423,TCRW,,,,
Svanavag,7905223,Belize,312740000,V3SG6,581520019,,,Africa Pelagic
Tadart,,Morocco,,,3519,Tanger,,Hassan Agdam  J209239  5092                                        Lahcen Agdam J273504  1759                                    Essaid Agdam  1759 Et Cie
Tagdite,,Morocco,,,71187,,,Mohammed Abaakil J164614 40                                Abdelkader Lakhdari N14115 20 Et Cie
Taha 2,8695019,Morocco,271062029,TC9935,1277,,,El Habza Abderrahim  Jc121321 375                                  El Habza Aissa Jc141273   375                                                       El Habza Abdessalam Jc101375 25
Taj 1,,Morocco,,,8995,Agadir,,Hassan Aglif  Jb13920  25                                                My Said Tigui  Jb158727  25                                     Lahsen Amghar J177391 25                                         Ouamer Lahoucine  J218659  25
Tamente,7726859,Morocco,422224000,EQXZ,11271,Shahid Bahonar,,Jilali Elgourchi J63946 13                                     Mohamed Moumen J39549   13                                  Mbarek Bentahr J94102   13
Taourta,7030664,Morocco,,EFKN,1257,,,Ste Derhem Mar Sarl
Tarrast 2,,Morocco,,,8659,,,El Habza Abderrahim  Jc121321 35                                  El Habza Aissa Jc141273   35                                                       El Habza Abdessalam Jc101375 15                           El Habza Abdelhakim Jc296254 15
Taziazet 1,8600234,Mauritania,654045800,5TTDB,514DMM,,,Ipr Mauritania Sarl
Taziazet 2 Al Khair 1,7618820,Oman,257263000,LCFQ,PSQV360,,,Oman Fisheries Co Saog
Team Spirit,9137753,Panama,,,,,,
Tissir 2,,Morocco,,,11246,,,Amar Abdelhadi 40                                            Hammed Kertal 35                                                        Ahmed Idmahoum 35
Uta,8415691,Panama,,,,,,
Vardberg,7705051,Oman,461000160,A4DE7,,,,Rawanq Al Salam International
Vauban 3,,Morocco,,,81029,,,Lahsen Iguimdrane  J5675  75                                         Abdellah Boula  Jb65144  25
Vikingbank,7713008,Morocco,242138100,CNA4694,1282,,,Ghali Peche
Wafa 4,9029243,Cameroon,257559600,LLJN,,,,Rptd Sold Undisclosed Interest
Wafa 5,9096442,Mauritania,654080125,5TYI,,,,
Widiane 2,,Morocco,,,61224,,,El Hassan Channa 25                                                    Raji Mohamed 20       Et Cie
Yassir 6,,Morocco,,,11330,,,Societe Vadmar Sarl
Zam Zam,,Morocco,,,33179,,,Wafa Samak Sarl 100
Zoubair,,Morocco,,,11289,,,Rachid Barkouch 100